size,mean,f0,f1,f2,f3,f4
1,2502,1,0,1,0,0
1,1315,0,0,1,0,0
1,1075,0,0,1,0,1
1,2240,1,0,1,0,0
1,139,0,1,1,0,1
1,1294,0,0,1,1,1
1,1228,0,1,0,0,1
1,1137,0,0,1,0,0
1,2336,1,0,1,1,1
1,2405,1,0,1,1,1
1,2467,0,0,0,0,1
1,2350,1,0,0,1,1
1,2398,1,1,0,0,1
1,1052,1,0,0,1,0
1,2136,1,0,1,0,0
1,2211,0,0,0,1,0
1,2168,0,0,0,1,0
1,2233,1,1,0,0,1
1,129,0,0,0,0,0
1,140,0,1,1,0,1
1,1059,0,1,0,0,1
1,1071,1,0,0,1,0
1,1161,0,0,1,0,0
1,1116,1,1,0,1,0
1,1107,1,0,1,0,1
1,2283,0,0,0,0,1
1,1243,0,0,1,0,0
1,140,0,0,0,1,1
1,1313,0,1,0,0,1
1,2150,0,0,0,0,1
1,139,0,1,1,1,0
1,2206,1,0,1,1,0
2,108,0,0,0,1,1
2,4634,1,0,0,1,1
2,2123,0,0,1,0,0
2,132,1,1,1,1,1
2,104,0,1,0,1,0
2,4476,1,0,1,0,0
2,4664,0,0,0,0,1
2,140,1,1,1,0,1
2,2106,1,1,0,1,0
2,129,0,1,1,0,1
2,2081,0,0,1,0,1
2,108,1,1,1,1,1
2,127,0,1,1,0,1
2,130,1,1,1,1,0
2,2134,0,0,1,1,1
2,2511,1,0,0,1,0
2,132,0,0,1,1,0
2,113,1,1,1,0,1
2,2433,1,0,1,0,1
2,2333,1,0,1,0,1
2,2378,1,0,1,0,1
2,4801,1,0,0,1,1
2,108,0,0,0,1,1
2,117,0,0,0,1,1
2,4584,1,0,1,0,0
2,139,1,1,1,1,1
2,2533,0,0,1,1,1
2,141,1,1,1,1,1
2,139,0,1,1,1,0
2,4713,1,1,1,0,0
2,2301,1,1,0,1,0
2,131,0,1,1,0,1
3,3295,0,1,0,1,1
3,3611,0,0,1,0,0
3,3379,1,1,0,0,0
3,130,0,1,0,1,0
3,7359,1,1,1,0,0
3,3459,0,1,0,1,1
3,6984,1,0,0,1,1
3,3370,0,0,1,1,1
3,6653,1,1,0,0,1
3,6538,1,1,1,0,0
3,109,0,0,0,0,0
3,7229,1,0,1,1,1
3,139,0,1,0,1,0
3,139,0,0,1,1,0
3,139,0,0,0,1,1
3,3437,0,1,0,0,1
3,130,1,1,1,1,0
3,139,1,1,1,1,0
3,139,1,1,1,0,1
3,108,1,0,0,0,0
3,3159,1,0,0,1,0
3,139,0,0,1,1,0
3,6631,0,1,1,0,0
3,3707,0,1,0,0,1
3,3475,1,1,0,1,0
3,107,0,1,1,0,1
3,6760,1,0,0,1,1
3,3387,0,0,1,0,0
3,3514,0,1,0,0,1
3,3597,0,0,1,1,1
3,7075,1,1,1,0,0
3,129,1,1,1,1,0
4,8773,1,0,0,0,1
4,4750,0,0,1,1,1
4,130,1,1,1,1,0
4,137,0,1,1,0,1
4,139,0,0,1,1,0
4,4544,1,1,0,0,0
4,130,0,0,1,1,0
4,4712,1,1,0,1,1
4,141,0,1,0,1,0
4,9611,0,0,0,1,0
4,4615,1,1,0,0,0
4,130,1,1,1,1,0
4,125,0,0,0,0,0
4,9436,0,0,0,1,0
4,4581,1,1,0,0,0
4,140,1,1,1,1,1
4,9558,1,0,1,1,1
4,9296,0,0,0,1,0
4,4457,1,1,0,0,0
4,139,0,1,0,1,0
4,4933,0,0,1,0,1
4,9535,1,1,1,0,0
4,9494,1,1,1,0,0
4,9545,1,0,1,1,1
4,130,0,0,0,0,0
4,4631,0,1,0,0,1
4,9468,1,0,0,1,1
4,139,1,1,1,0,1
4,139,0,1,0,1,0
4,139,1,0,0,0,0
4,9619,1,0,1,1,0
4,4745,1,0,0,1,0
5,11886,1,0,1,1,1
5,139,1,1,1,0,1
5,11813,1,0,1,1,0
5,5866,0,0,1,1,1
5,139,1,1,1,1,0
5,11806,1,1,0,0,1
5,139,1,1,1,0,1
5,5795,1,0,0,1,0
5,130,1,0,0,0,0
5,114,0,1,0,1,0
5,108,1,0,0,0,0
5,5964,0,1,0,0,0
5,139,0,0,0,0,0
5,5860,0,1,0,0,0
5,11574,1,1,1,0,0
5,6121,1,1,0,1,1
5,140,1,0,0,0,0
5,5964,1,0,0,1,0
5,5867,0,0,1,0,1
5,5742,1,1,0,1,0
5,129,0,0,1,1,0
5,130,0,0,1,1,0
5,11779,0,1,1,0,0
5,5904,0,1,0,0,1
5,11760,1,1,1,0,0
5,109,1,1,1,0,1
5,6175,1,1,0,0,0
5,139,0,1,0,1,0
5,5701,1,0,1,0,1
5,11679,1,0,1,1,1
5,5604,0,1,0,1,1
5,5507,0,1,0,0,0
6,6912,1,1,0,1,1
6,14178,1,0,0,0,1
6,13975,1,0,0,1,1
6,7236,1,0,0,1,0
6,139,1,0,0,0,0
6,14426,1,0,0,1,1
6,14460,0,0,0,0,1
6,6905,1,1,0,1,1
6,130,1,1,1,0,1
6,14170,0,1,1,1,1
6,14429,1,0,1,1,1
6,13903,1,0,1,0,0
6,7006,1,0,0,1,0
6,129,0,1,1,1,0
6,130,1,1,1,1,1
6,105,0,1,0,1,0
6,14145,0,0,0,0,1
6,6788,1,1,0,1,0
6,14392,0,1,1,1,1
6,14428,1,0,1,1,1
6,139,1,0,0,0,0
6,14068,1,0,0,1,1
6,14266,0,0,0,1,0
6,6971,0,1,0,0,0
6,13792,0,0,0,1,0
6,7110,1,1,0,1,1
6,139,1,0,0,0,0
6,7057,0,0,1,1,1
6,7008,0,0,1,0,0
6,14187,1,0,0,1,1
6,14309,1,0,0,0,1
6,7164,1,1,0,1,1
7,8046,0,0,1,0,1
7,139,1,1,1,1,0
7,139,0,1,1,0,1
7,16972,0,1,1,1,1
7,8347,1,0,1,0,1
7,8153,0,0,1,0,0
7,17103,1,1,0,0,1
7,139,1,0,0,0,0
7,138,0,0,0,1,1
7,16318,1,0,1,1,1
7,8480,0,0,1,0,1
7,15727,1,1,1,0,0
7,16369,1,0,1,1,1
7,16722,1,0,0,0,1
7,7819,1,0,0,1,0
7,16264,1,0,1,1,1
7,117,1,1,1,1,1
7,16448,0,0,0,1,0
7,7906,0,1,0,0,0
7,8567,0,1,0,1,1
7,8787,0,1,0,0,1
7,8118,0,0,1,1,1
7,8446,1,1,0,0,0
7,105,0,0,0,0,0
7,7681,1,1,0,0,0
7,133,0,1,1,1,0
7,16080,0,1,1,0,0
7,107,1,1,1,1,0
7,16546,1,0,0,0,1
7,7966,0,0,1,0,1
7,8043,1,0,0,1,0
7,17662,0,1,1,1,1
8,9005,0,0,1,0,0
8,8802,1,1,0,1,0
8,129,0,0,0,0,0
8,9426,0,1,0,1,1
8,9066,1,1,0,1,1
8,10062,1,1,0,1,1
8,17004,0,0,0,0,1
8,18408,0,1,1,1,1
8,17821,1,1,0,0,1
8,18261,1,0,1,1,1
8,131,0,1,0,1,0
8,18697,1,1,0,0,1
8,139,1,1,1,0,1
8,18270,1,0,0,0,1
8,8958,0,1,0,1,1
8,18480,0,1,1,0,0
8,104,1,0,0,0,0
8,18490,1,1,1,0,0
8,139,0,0,0,1,1
8,9387,1,1,0,0,0
8,18956,1,0,1,1,1
8,9643,1,0,1,0,1
8,139,1,1,1,1,0
8,139,1,1,1,0,1
8,18453,1,0,1,0,0
8,112,0,0,0,0,0
8,19414,0,1,1,0,0
8,139,0,0,1,1,0
8,9719,1,1,0,0,0
8,9249,0,0,1,0,1
8,115,1,1,1,1,0
8,139,0,0,0,1,1
9,10564,1,1,0,1,0
9,10455,1,1,0,1,1
9,139,0,0,0,0,0
9,10035,0,0,1,0,0
9,139,0,0,0,1,1
9,21324,1,0,0,0,1
9,11168,0,0,1,0,0
9,20941,1,0,1,0,0
9,10072,1,1,0,0,0
9,10382,1,0,0,1,0
9,10609,0,0,1,0,1
9,107,1,1,1,0,1
9,139,0,1,1,0,1
9,21981,1,0,1,1,0
9,21150,0,0,0,0,1
9,10134,0,1,0,1,1
9,111,0,0,1,1,0
9,9901,1,0,0,1,0
9,139,0,0,0,1,1
9,139,0,0,0,1,1
9,10831,0,1,0,1,1
9,21921,1,0,1,1,1
9,10556,0,0,1,1,1
9,21570,1,0,1,1,0
9,10293,0,0,1,0,1
9,141,0,0,1,1,0
9,139,1,1,1,0,1
9,139,0,1,1,0,1
9,22091,1,0,0,1,1
9,139,1,1,1,1,1
9,10565,0,1,0,0,0
9,21851,1,0,0,1,1
10,24548,1,1,0,0,1
10,12259,1,0,0,1,0
10,130,1,1,1,1,1
10,139,0,1,1,1,0
10,12191,0,0,1,0,1
10,11702,1,0,0,1,0
10,24472,1,0,0,1,1
10,139,1,0,0,0,0
10,139,1,1,1,1,0
10,25161,1,0,1,0,0
10,12363,0,1,0,0,1
10,24248,0,0,0,0,1
10,11632,1,0,1,0,1
10,11669,1,1,0,1,1
10,23803,1,0,1,1,1
10,11399,0,1,0,1,1
10,23533,0,1,1,0,0
10,11793,1,1,0,1,0
10,106,1,1,1,0,1
10,24594,1,0,1,1,0
10,24246,0,0,0,0,1
10,139,0,1,0,1,0
10,24610,1,1,0,0,1
10,139,0,1,1,1,0
10,22893,1,0,1,1,1
10,131,1,1,1,1,1
10,11706,0,0,1,0,0
10,22135,0,1,1,0,0
10,11143,1,1,0,1,1
10,22275,1,0,0,0,1
10,23601,0,0,0,1,0
10,136,0,1,0,1,0
11,25301,1,0,1,0,0
11,111,1,0,0,0,0
11,139,0,0,0,0,0
11,12754,1,1,0,0,0
11,25469,1,0,1,1,0
11,139,0,1,1,0,1
11,25852,1,0,1,1,1
11,25412,1,0,0,0,1
11,128,0,0,0,0,0
11,140,0,0,0,1,1
11,139,0,0,0,0,0
11,13079,0,1,0,0,1
11,26214,1,0,0,0,1
11,25669,1,1,0,0,1
11,12277,0,1,0,0,0
11,12722,1,1,0,1,1
11,130,1,1,1,1,1
11,12917,1,0,0,1,0
11,12729,1,1,0,0,0
11,12452,1,0,1,0,1
11,12619,1,0,1,0,1
11,12708,0,1,0,0,1
11,25015,0,0,0,0,1
11,25504,0,0,0,1,0
11,139,1,1,1,0,1
11,25866,0,1,1,0,0
11,26041,1,1,1,0,0
11,12943,0,1,0,1,1
11,27074,0,0,0,0,1
11,139,1,1,1,0,1
11,27084,1,1,0,0,1
11,26707,1,1,0,0,1
12,137,0,0,1,1,0
12,29250,1,1,0,0,1
12,14589,1,0,1,0,1
12,14874,0,0,1,0,1
12,14825,0,1,0,1,1
12,13931,1,1,0,1,0
12,29282,1,1,0,0,1
12,14847,1,0,1,0,1
12,13899,0,0,1,0,0
12,14809,0,1,0,0,0
12,139,1,0,0,0,0
12,15173,0,0,1,0,0
12,29734,1,0,0,1,1
12,14429,1,0,0,1,0
12,139,1,1,1,0,1
12,138,0,0,0,0,0
12,29370,1,0,0,0,1
12,136,0,0,0,1,1
12,14591,1,0,1,0,1
12,139,0,1,0,1,0
12,139,0,1,0,1,0
12,14574,1,0,0,1,0
12,139,0,1,0,1,0
12,29450,0,0,0,1,0
12,139,1,1,1,1,0
12,29843,0,0,0,0,1
12,14502,0,1,0,1,1
12,14992,1,0,0,1,0
12,14643,1,1,0,1,1
12,140,0,1,0,1,0
12,14270,1,1,0,1,0
12,139,0,1,0,1,0
13,31945,1,0,1,1,0
13,15901,1,1,0,1,0
13,31753,1,0,0,1,1
13,139,1,1,1,1,1
13,32297,0,0,0,0,1
13,31607,1,1,1,0,0
13,15582,0,0,1,0,0
13,139,1,1,1,0,1
13,137,1,1,1,1,0
13,16250,0,1,0,0,1
13,15921,1,0,1,0,1
13,32147,1,1,0,0,1
13,139,0,0,0,1,1
13,15544,1,1,0,0,0
13,31812,0,1,1,1,1
13,15625,0,1,0,0,1
13,31760,1,0,1,0,0
13,32205,1,1,1,0,0
13,31708,1,0,1,1,1
13,31761,0,0,0,1,0
13,31869,0,1,1,1,1
13,15109,1,1,0,0,0
13,15540,1,0,1,0,1
13,140,0,1,1,1,0
13,138,0,0,0,0,0
13,32148,1,0,1,1,1
13,30278,0,0,0,0,1
13,139,0,0,1,1,0
13,137,0,0,0,0,0
13,139,1,1,1,1,0
13,16084,1,1,0,0,0
13,31439,1,1,0,0,1
14,139,1,1,1,1,0
14,16780,0,1,0,0,1
14,139,1,1,1,1,0
14,17128,1,1,0,0,0
14,139,1,1,1,0,1
14,16848,0,1,0,0,1
14,33780,0,0,0,1,0
14,139,0,0,0,1,1
14,139,0,0,1,1,0
14,114,1,1,1,1,0
14,32063,1,1,0,0,1
14,16031,1,0,1,0,1
14,33229,0,1,1,1,1
14,130,1,1,1,1,0
14,16513,0,0,1,0,1
14,32913,0,0,0,1,0
14,33344,0,0,0,1,0
14,116,0,1,1,1,0
14,142,0,1,0,1,0
14,31395,1,0,1,1,0
14,140,1,1,1,1,0
14,139,0,0,1,1,0
14,33044,1,0,1,1,0
14,16937,0,0,1,0,0
14,16562,0,1,0,1,1
14,139,1,0,0,0,0
14,16702,1,0,1,0,1
14,33108,0,0,0,0,1
14,32573,1,0,0,0,1
14,16632,1,0,1,0,1
14,139,0,1,0,1,0
14,125,0,0,0,1,1
15,17569,0,1,0,0,1
15,139,0,0,0,1,1
15,18057,0,1,0,1,1
15,34706,0,0,0,1,0
15,139,0,1,1,1,0
15,17158,1,0,1,0,1
15,129,0,0,1,1,0
15,17403,0,0,1,0,0
15,116,1,0,0,0,0
15,121,0,0,0,0,0
15,18031,1,1,0,1,0
15,130,0,1,0,1,0
15,17428,1,1,0,1,0
15,116,0,1,0,1,0
15,139,0,0,0,0,0
15,17721,1,1,0,1,0
15,17710,0,1,0,0,0
15,17648,0,1,0,0,0
15,36001,0,0,0,1,0
15,139,1,1,1,1,1
15,34298,1,1,0,0,1
15,35075,0,1,1,0,0
15,33571,0,1,1,0,0
15,109,1,0,0,0,0
15,17327,1,0,1,0,1
15,131,0,1,1,0,1
15,34277,0,0,0,0,1
15,127,0,1,1,0,1
15,35029,1,0,1,1,1
15,16483,0,0,1,1,1
15,35898,1,0,0,1,1
15,139,1,1,1,1,1
16,36878,1,1,0,0,1
16,36980,1,0,1,1,1
16,18325,1,1,0,0,0
16,18144,1,0,1,0,1
16,39577,0,0,0,0,1
16,18203,0,0,1,0,0
16,18986,1,0,1,0,1
16,123,1,0,0,0,0
16,38465,1,0,1,1,0
16,38110,0,1,1,1,1
16,37155,0,0,0,1,0
16,18927,1,1,0,0,0
16,18292,1,0,1,0,1
16,37410,1,1,1,0,0
16,139,1,1,1,1,1
16,139,0,0,1,1,0
16,36111,1,0,1,1,1
16,35731,1,0,1,0,0
16,18069,0,1,0,1,1
16,17816,0,1,0,0,0
16,139,0,0,0,0,0
16,139,0,0,0,0,0
16,39165,0,1,1,1,1
16,19883,0,1,0,1,1
16,136,0,1,1,1,0
16,139,1,1,1,1,1
16,125,0,0,0,1,1
16,139,1,1,1,1,1
16,19517,1,0,0,1,0
16,19622,0,0,1,0,1
16,139,0,1,1,1,0
16,139,1,0,0,0,0
17,138,0,0,1,1,0
17,41801,1,0,0,1,1
17,139,1,1,1,1,0
17,40284,1,0,1,1,1
17,40209,0,0,0,1,0
17,138,0,0,0,0,0
17,19207,0,0,1,1,1
17,133,0,0,1,1,0
17,18717,0,1,0,0,1
17,19963,0,0,1,0,1
17,120,0,0,0,0,0
17,20296,0,0,1,0,1
17,39495,0,0,0,1,0
17,40248,1,0,0,0,1
17,139,1,1,1,0,1
17,20335,1,1,0,1,1
17,41201,0,1,1,0,0
17,139,0,1,1,1,0
17,140,1,1,1,1,0
17,38960,1,1,0,0,1
17,38743,1,0,0,1,1
17,139,0,1,1,1,0
17,139,0,0,1,1,0
17,139,1,1,1,1,1
17,20841,0,0,1,0,1
17,20034,0,1,0,0,1
17,140,0,1,1,1,0
17,19427,1,0,0,1,0
17,109,1,1,1,1,0
17,20238,1,0,0,1,0
17,40917,1,1,1,0,0
17,40487,1,0,1,0,0
18,139,0,1,1,0,1
18,21718,0,1,0,1,1
18,21085,1,1,0,1,0
18,43621,1,0,0,0,1
18,20479,0,0,1,0,1
18,130,0,1,1,1,0
18,42594,0,1,1,0,0
18,137,0,1,1,1,0
18,139,1,1,1,1,1
18,137,1,0,0,0,0
18,140,1,1,1,1,1
18,21261,0,1,0,0,0
18,20522,1,0,1,0,1
18,139,0,0,0,0,0
18,139,1,0,0,0,0
18,42269,0,1,1,0,0
18,139,0,1,1,1,0
18,139,0,1,1,1,0
18,139,0,0,1,1,0
18,42218,1,1,1,0,0
18,21686,1,1,0,1,1
18,21515,0,0,1,1,1
18,109,1,1,1,1,1
18,40159,1,0,1,1,1
18,109,1,0,0,0,0
18,41865,0,1,1,0,0
18,41501,1,1,0,0,1
18,20779,0,0,1,0,1
18,21080,1,1,0,0,0
18,19991,1,0,0,1,0
18,20907,0,0,1,0,1
18,21502,1,1,0,1,0
19,45384,0,0,0,1,0
19,140,0,1,1,1,0
19,22946,1,1,0,1,0
19,139,0,1,1,0,1
19,45322,1,0,1,1,0
19,43617,1,1,1,0,0
19,43960,1,0,0,1,1
19,44956,1,0,1,1,1
19,44492,1,0,1,0,0
19,141,1,0,0,0,0
19,22612,1,1,0,0,0
19,140,0,0,0,0,0
19,139,0,1,0,1,0
19,22582,0,1,0,0,1
19,45067,1,0,1,1,1
19,139,0,0,0,0,0
19,22551,0,1,0,1,1
19,139,0,0,0,1,1
19,139,1,1,1,0,1
19,21927,1,1,0,0,0
19,135,0,1,1,1,0
19,21085,1,1,0,0,0
19,43345,1,0,0,1,1
19,42961,0,0,0,0,1
19,44025,1,0,1,1,1
19,22523,1,1,0,1,1
19,22678,0,0,1,1,1
19,130,0,0,0,1,1
19,139,0,0,0,0,0
19,45369,1,0,0,0,1
19,21322,1,1,0,1,1
19,104,0,1,0,1,0
20,46541,0,1,1,1,1
20,46083,0,1,1,0,0
20,139,0,1,1,1,0
20,139,0,1,1,0,1
20,46349,1,0,0,1,1
20,23100,0,0,1,1,1
20,139,1,1,1,1,0
20,23191,0,1,0,1,1
20,47341,1,0,1,0,0
20,45567,1,1,1,0,0
20,23248,0,0,1,0,1
20,45288,0,0,0,1,0
20,23453,0,1,0,1,1
20,46083,1,0,0,1,1
20,130,0,1,1,0,1
20,46602,1,0,0,0,1
20,22581,0,1,0,0,1
20,45090,1,0,0,1,1
20,46423,0,0,0,0,1
20,23885,1,0,0,1,0
20,137,0,0,0,1,1
20,44660,1,0,0,1,1
20,130,0,0,1,1,0
20,140,1,0,0,0,0
20,139,1,1,1,1,0
20,132,0,0,0,0,0
20,122,1,0,0,0,0
20,22913,1,1,0,0,0
20,21851,0,0,1,1,1
20,21695,1,0,1,0,1
20,23804,1,1,0,1,1
20,130,0,0,0,0,0
21,24920,0,1,0,1,1
21,49855,1,0,0,0,1
21,50336,0,0,0,1,0
21,50032,1,0,0,1,1
21,104,0,0,1,1,0
21,129,0,1,1,1,0
21,25273,0,0,1,1,1
21,130,0,0,0,1,1
21,50071,1,1,0,0,1
21,49936,1,0,0,0,1
21,140,0,0,1,1,0
21,50663,1,0,1,1,1
21,25399,1,1,0,1,1
21,50353,0,1,1,1,1
21,50765,1,0,0,1,1
21,50435,0,1,1,0,0
21,52121,1,0,1,0,0
21,139,0,1,1,0,1
21,50949,1,0,0,0,1
21,51119,0,1,1,1,1
21,140,0,1,1,0,1
21,26076,0,1,0,0,0
21,139,0,0,0,0,0
21,140,0,0,1,1,0
21,139,0,0,0,0,0
21,25600,0,0,1,0,0
21,139,0,1,1,1,0
21,140,1,1,1,1,0
21,25901,0,0,1,1,1
21,25456,0,1,0,1,1
21,139,1,1,1,1,1
21,24548,0,1,0,0,0
22,54001,0,1,1,0,0
22,138,0,0,0,0,0
22,144,0,1,0,1,0
22,139,1,1,1,0,1
22,54487,1,1,0,0,1
22,139,0,0,0,0,0
22,54094,1,0,1,1,1
22,139,0,0,0,0,0
22,26344,1,1,0,1,0
22,26404,1,0,1,0,1
22,26631,0,0,1,0,1
22,139,1,1,1,0,1
22,54135,1,0,1,0,0
22,53724,0,0,0,1,0
22,26831,1,1,0,1,1
22,54086,1,1,0,0,1
22,26895,1,0,0,1,0
22,26075,0,0,1,0,0
22,53566,0,1,1,1,1
22,54077,0,0,0,0,1
22,54051,1,0,0,0,1
22,26735,0,0,1,1,1
22,26803,1,1,0,1,1
22,52479,1,1,0,0,1
22,140,1,0,0,0,0
22,26689,1,1,0,1,1
22,136,0,0,1,1,0
22,139,0,1,1,0,1
22,26805,0,1,0,1,1
22,26821,1,1,0,1,1
22,53975,1,0,0,0,1
22,53856,1,0,0,0,1
23,27408,1,1,0,1,1
23,137,0,1,0,1,0
23,55842,0,0,0,1,0
23,27705,1,0,1,0,1
23,27690,1,1,0,0,0
23,55968,0,1,1,1,1
23,56068,1,0,0,0,1
23,27527,0,1,0,1,1
23,28334,1,1,0,1,1
23,55699,0,0,0,1,0
23,56311,0,1,1,1,1
23,27123,1,1,0,1,0
23,129,1,1,1,1,0
23,27071,0,1,0,1,1
23,139,0,1,0,1,0
23,55701,1,0,0,0,1
23,56403,0,0,0,0,1
23,55863,1,0,0,1,1
23,28192,1,0,1,0,1
23,28702,1,1,0,1,0
23,56197,1,0,1,1,1
23,27997,1,0,0,1,0
23,56319,0,0,0,1,0
23,139,1,1,1,0,1
23,27766,0,1,0,0,0
23,57150,1,0,1,1,0
23,139,1,1,1,1,0
23,141,1,0,0,0,0
23,27721,1,0,0,1,0
23,55461,1,1,1,0,0
23,57106,1,0,0,1,1
23,128,0,1,0,1,0
24,58828,0,1,1,0,0
24,58931,0,1,1,1,1
24,59019,1,0,1,1,0
24,139,1,1,1,0,1
24,59117,1,0,1,1,1
24,139,0,0,0,1,1
24,29249,0,1,0,0,0
24,140,1,1,1,1,1
24,59033,1,1,1,0,0
24,58816,1,1,0,0,1
24,140,0,1,0,1,0
24,57164,1,0,1,1,1
24,28988,1,1,0,1,0
24,29469,0,0,1,0,0
24,57905,1,1,0,0,1
24,58495,1,0,1,1,0
24,139,1,1,1,0,1
24,139,0,0,0,1,1
24,139,1,1,1,1,0
24,58797,0,0,0,0,1
24,57938,1,1,0,0,1
24,58717,1,0,1,1,1
24,29008,1,0,0,1,0
24,29213,1,1,0,1,0
24,29052,0,1,0,1,1
24,29037,0,0,1,1,1
24,29690,1,1,0,1,1
24,139,0,0,0,1,1
24,29632,1,1,0,0,0
24,139,0,1,1,1,0
24,58891,0,1,1,0,0
24,29074,0,0,1,0,1
25,60711,1,0,1,1,0
25,61593,0,0,0,1,0
25,61116,0,1,1,1,1
25,138,1,0,0,0,0
25,136,0,1,1,0,1
25,141,0,1,1,0,1
25,139,1,1,1,0,1
25,31431,0,1,0,0,0
25,139,1,1,1,0,1
25,30575,0,1,0,0,1
25,139,0,1,0,1,0
25,62202,1,0,0,1,1
25,132,1,1,1,1,1
25,139,0,0,0,1,1
25,30534,0,0,1,0,1
25,61308,1,1,0,0,1
25,59520,1,0,0,0,1
25,60192,1,0,1,0,0
25,30261,1,0,0,1,0
25,140,0,0,0,0,0
25,139,1,1,1,0,1
25,31185,0,1,0,0,0
25,30312,1,0,0,1,0
25,30390,0,1,0,1,1
25,30563,1,0,1,0,1
25,30264,0,1,0,0,1
25,60742,0,0,0,1,0
25,60741,1,0,1,1,0
25,30156,0,1,0,1,1
25,29694,0,1,0,0,0
25,139,0,0,0,1,1
25,30574,0,1,0,0,1
26,64158,1,1,0,0,1
26,139,0,1,1,1,0
26,64099,1,1,0,0,1
26,139,0,1,1,1,0
26,31569,1,0,0,1,0
26,142,0,0,0,0,0
26,139,1,1,1,1,0
26,31684,1,1,0,1,0
26,62967,1,1,1,0,0
26,139,1,1,1,0,1
26,32281,0,1,0,1,1
26,141,0,0,1,1,0
26,31717,0,1,0,0,0
26,32130,0,0,1,0,1
26,63012,1,0,1,0,0
26,64095,1,0,0,0,1
26,31356,0,0,1,0,0
26,30886,0,1,0,0,0
26,63921,1,0,0,0,1
26,139,1,0,0,0,0
26,140,1,1,1,0,1
26,64777,0,1,1,1,1
26,139,0,1,1,1,0
26,63697,1,1,0,0,1
26,63560,0,0,0,0,1
26,139,0,1,0,1,0
26,64065,1,1,1,0,0
26,64602,0,1,1,0,0
26,139,0,0,0,1,1
26,63261,0,0,0,1,0
26,31642,0,0,1,0,1
26,139,1,1,1,1,0
27,32021,0,0,1,0,0
27,138,0,0,0,0,0
27,139,0,0,0,0,0
27,65750,1,0,1,1,0
27,136,0,0,0,1,1
27,139,0,0,0,0,0
27,139,1,1,1,1,0
27,66849,0,0,0,1,0
27,137,1,1,1,1,1
27,32886,1,0,1,0,1
27,32291,1,1,0,0,0
27,66402,0,0,0,1,0
27,65930,1,0,0,0,1
27,32337,1,0,0,1,0
27,140,1,0,0,0,0
27,139,0,1,0,1,0
27,66924,1,0,1,0,0
27,32352,0,1,0,1,1
27,32495,1,0,0,1,0
27,139,1,1,1,1,1
27,33377,0,1,0,0,1
27,65185,1,0,1,1,1
27,105,0,1,1,0,1
27,32666,1,0,0,1,0
27,33053,1,0,0,1,0
27,32294,0,0,1,1,1
27,138,0,0,0,0,0
27,66900,1,0,1,1,1
27,32755,0,1,0,1,1
27,33015,0,1,0,1,1
27,65453,0,1,1,0,0
27,66264,1,0,1,1,0
28,136,0,0,0,1,1
28,34554,0,1,0,1,1
28,137,0,0,1,1,0
28,69781,0,1,1,1,1
28,33498,1,0,1,0,1
28,67944,1,0,0,0,1
28,33529,0,0,1,0,1
28,67938,1,1,1,0,0
28,139,0,1,0,1,0
28,34627,0,1,0,1,1
28,67841,0,0,0,1,0
28,67566,1,1,1,0,0
28,68870,0,1,1,0,0
28,68804,1,1,0,0,1
28,33550,0,1,0,0,1
28,68569,1,1,1,0,0
28,68807,0,0,0,1,0
28,68682,1,0,1,1,1
28,67954,0,1,1,0,0
28,33584,0,1,0,0,0
28,120,1,0,0,0,0
28,68758,0,0,0,1,0
28,34186,0,1,0,0,1
28,69106,0,0,0,0,1
28,140,0,0,1,1,0
28,68251,0,0,0,1,0
28,142,0,1,1,0,1
28,139,0,1,0,1,0
28,68190,1,0,1,1,1
28,32985,0,0,1,0,0
28,140,0,0,0,0,0
28,139,0,0,1,1,0
29,70400,1,0,1,1,1
29,35397,1,1,0,1,1
29,35645,0,1,0,0,0
29,71203,1,0,0,0,1
29,34235,0,1,0,0,1
29,35242,0,1,0,0,1
29,70225,1,1,0,0,1
29,139,0,1,1,0,1
29,35241,1,0,1,0,1
29,70089,1,1,1,0,0
29,72066,1,0,0,0,1
29,137,0,0,0,1,1
29,34941,1,1,0,1,0
29,35791,0,0,1,1,1
29,35047,1,1,0,1,1
29,139,1,1,1,1,1
29,71213,1,0,1,1,0
29,70292,0,1,1,1,1
29,139,1,0,0,0,0
29,71168,1,0,1,1,1
29,35769,0,0,1,0,0
29,70684,1,1,0,0,1
29,34268,1,0,0,1,0
29,35358,0,0,1,0,1
29,139,1,1,1,1,1
29,140,1,0,0,0,0
29,139,0,0,0,1,1
29,71706,1,0,1,1,1
29,70692,0,0,0,1,0
29,34971,0,1,0,0,0
29,34614,1,0,0,1,0
29,140,1,0,0,0,0
30,35708,0,1,0,0,0
30,36274,1,0,1,0,1
30,139,0,1,0,1,0
30,36389,0,0,1,0,0
30,74208,0,0,0,1,0
30,139,1,1,1,1,1
30,36229,1,0,0,1,0
30,139,0,0,0,0,0
30,139,0,1,1,0,1
30,37314,1,1,0,1,1
30,139,0,0,0,0,0
30,114,1,1,1,1,0
30,72681,1,1,0,0,1
30,73310,0,0,0,1,0
30,37313,1,1,0,0,0
30,73430,1,0,0,0,1
30,73793,1,0,1,1,1
30,73329,0,1,1,0,0
30,139,1,1,1,1,0
30,73162,0,1,1,1,1
30,36701,1,1,0,1,0
30,73561,1,0,1,1,0
30,139,0,0,0,1,1
30,139,1,1,1,1,0
30,72897,1,0,1,1,0
30,139,1,1,1,0,1
30,36752,0,0,1,0,0
30,73101,0,1,1,1,1
30,73821,1,0,1,0,0
30,72643,0,1,1,0,0
30,140,0,1,1,1,0
30,36615,0,1,0,0,1
31,37476,0,1,0,1,1
31,75669,0,1,1,0,0
31,38345,0,1,0,1,1
31,75966,0,0,0,1,0
31,37855,1,0,1,0,1
31,75789,0,0,0,0,1
31,139,0,1,1,1,0
31,139,1,1,1,1,0
31,76173,1,0,0,0,1
31,75804,1,0,0,1,1
31,139,1,1,1,1,0
31,38249,0,0,1,1,1
31,75890,0,1,1,0,0
31,37863,1,0,0,1,0
31,36748,0,0,1,1,1
31,38027,1,1,0,1,1
31,75768,0,0,0,0,1
31,136,1,1,1,1,0
31,37526,0,1,0,0,0
31,37324,1,1,0,1,0
31,139,0,0,1,1,0
31,38278,1,1,0,1,0
31,38449,0,0,1,1,1
31,139,0,0,0,1,1
31,38430,1,1,0,0,0
31,75941,0,1,1,0,0
31,76129,1,0,0,1,1
31,37486,0,0,1,0,0
31,139,0,0,0,1,1
31,38456,1,1,0,1,1
31,139,0,0,0,0,0
31,76341,1,0,1,1,0
32,139,0,1,1,1,0
32,39347,0,1,0,0,1
32,138,0,1,1,0,1
32,38837,0,0,1,1,1
32,38882,1,1,0,1,1
32,38755,0,1,0,0,0
32,78865,0,1,1,1,1
32,139,0,1,1,0,1
32,39132,0,0,1,0,0
32,78939,1,0,1,0,0
32,38408,1,1,0,1,0
32,139,0,0,0,0,0
32,139,0,1,1,0,1
32,79115,1,0,1,1,1
32,140,0,0,1,1,0
32,140,1,0,0,0,0
32,139,1,1,1,0,1
32,77141,1,0,1,1,0
32,78130,1,0,0,1,1
32,39164,1,1,0,0,0
32,37527,0,1,0,0,1
32,38605,1,0,1,0,1
32,139,0,0,0,0,0
32,77206,0,1,1,0,0
32,77732,1,0,0,1,1
32,77685,1,0,1,1,1
32,139,0,1,1,1,0
32,39195,0,1,0,0,1
32,78019,1,1,1,0,0
32,38771,1,0,0,1,0
32,38217,1,0,1,0,1
32,77338,0,0,0,1,0
33,39710,1,1,0,0,0
33,39826,1,0,0,1,0
33,81078,1,0,1,0,0
33,140,0,1,1,0,1
33,40987,1,0,1,0,1
33,139,1,1,1,1,1
33,40733,0,0,1,0,0
33,136,1,1,1,0,1
33,39571,0,0,1,1,1
33,40108,0,1,0,1,1
33,40585,0,1,0,1,1
33,40897,0,0,1,0,1
33,139,0,1,1,1,0
33,39835,0,0,1,1,1
33,39998,1,1,0,1,1
33,39307,0,0,1,0,1
33,139,1,1,1,1,0
33,139,1,0,0,0,0
33,137,0,1,1,1,0
33,139,0,1,1,1,0
33,139,0,1,1,0,1
33,139,0,0,1,1,0
33,80993,1,0,1,0,0
33,80151,0,1,1,1,1
33,40628,1,1,0,1,0
33,123,1,1,1,1,0
33,139,0,0,0,0,0
33,40065,0,0,1,0,0
33,40726,0,0,1,1,1
33,39274,0,0,1,0,0
33,81035,1,1,0,0,1
33,80084,1,0,1,1,0
34,41453,0,0,1,0,0
34,41369,0,1,0,0,0
34,83961,0,0,0,0,1
34,40789,1,1,0,0,0
34,83612,0,1,1,0,0
34,82467,0,0,0,0,1
34,131,0,1,1,0,1
34,83653,0,0,0,0,1
34,83308,1,1,1,0,0
34,41356,0,1,0,1,1
34,84233,0,0,0,1,0
34,41083,1,0,0,1,0
34,139,1,1,1,1,1
34,139,0,1,0,1,0
34,82005,0,0,0,0,1
34,139,0,1,0,1,0
34,84292,0,1,1,0,0
34,41376,0,1,0,1,1
34,41272,1,1,0,1,1
34,82868,1,1,0,0,1
34,41824,0,1,0,0,1
34,41024,0,0,1,0,1
34,130,1,1,1,1,1
34,81872,1,0,1,1,0
34,139,0,1,1,0,1
34,139,0,0,0,1,1
34,83312,0,0,0,1,0
34,42102,0,0,1,0,0
34,40828,1,1,0,1,1
34,83556,0,0,0,0,1
34,139,0,0,0,0,0
34,139,1,1,1,1,1
35,43066,0,0,1,0,1
35,139,0,1,1,1,0
35,139,1,1,1,1,1
35,139,1,1,1,1,0
35,42851,1,1,0,1,0
35,138,1,1,1,0,1
35,84903,0,1,1,1,1
35,85380,0,0,0,1,0
35,42753,0,1,0,0,1
35,139,1,1,1,1,0
35,139,1,1,1,0,1
35,43315,0,0,1,0,1
35,85409,1,0,1,1,0
35,85496,1,0,0,0,1
35,86274,0,0,0,1,0
35,139,0,1,1,1,0
35,138,1,1,1,0,1
35,138,1,0,0,0,0
35,85513,1,0,1,1,1
35,43208,0,1,0,1,1
35,40910,1,1,0,0,0
35,42114,0,0,1,0,1
35,139,1,0,0,0,0
35,41992,0,0,1,0,0
35,139,0,1,0,1,0
35,85504,0,0,0,0,1
35,135,0,0,0,0,0
35,42470,0,1,0,1,1
35,42614,1,0,1,0,1
35,43088,1,0,1,0,1
35,42551,1,1,0,0,0
35,43163,0,0,1,0,0
36,87555,1,1,0,0,1
36,87095,1,0,0,1,1
36,139,0,1,1,0,1
36,139,0,1,0,1,0
36,139,0,0,0,1,1
36,87356,1,0,1,1,0
36,87375,1,0,1,0,0
36,139,0,1,0,1,0
36,87756,1,0,1,0,0
36,139,0,1,1,1,0
36,43855,0,1,0,0,1
36,44111,0,0,1,1,1
36,86826,1,0,1,1,1
36,44604,0,1,0,0,1
36,87283,1,0,1,1,0
36,88112,0,0,0,1,0
36,43407,1,1,0,0,0
36,88238,1,1,0,0,1
36,87707,1,0,1,1,0
36,140,1,1,1,1,0
36,139,1,0,0,0,0
36,44206,0,1,0,0,0
36,43824,1,1,0,1,1
36,139,1,1,1,1,0
36,87234,1,0,1,0,0
36,87159,1,1,0,0,1
36,139,1,1,1,0,1
36,44543,1,0,1,0,1
36,43486,0,0,1,0,0
36,87097,0,0,0,1,0
36,87368,1,0,0,1,1
36,86951,0,1,1,0,0
37,91246,1,0,0,0,1
37,89384,1,1,1,0,0
37,90872,1,0,0,1,1
37,90081,0,0,0,0,1
37,139,1,0,0,0,0
37,90324,1,0,1,0,0
37,45606,0,0,1,1,1
37,139,1,1,1,1,0
37,45095,1,0,0,1,0
37,44606,1,1,0,1,0
37,140,1,1,1,1,0
37,139,0,1,1,1,0
37,139,0,0,0,1,1
37,90619,1,0,1,1,0
37,139,0,1,1,1,0
37,91095,1,0,1,1,1
37,139,1,1,1,1,1
37,139,1,0,0,0,0
37,44409,1,0,1,0,1
37,43999,0,1,0,1,1
37,45869,0,0,1,0,0
37,43542,0,1,0,1,1
37,45104,1,1,0,1,1
37,91591,0,1,1,0,0
37,46217,1,1,0,1,1
37,139,1,1,1,1,0
37,45263,0,1,0,0,1
37,45286,0,0,1,0,1
37,139,0,1,1,1,0
37,139,1,0,0,0,0
37,45741,1,1,0,1,0
37,45032,1,1,0,1,1
38,93175,1,0,0,1,1
38,46367,0,0,1,1,1
38,92991,1,0,1,1,0
38,92750,1,0,1,1,0
38,93156,1,0,0,0,1
38,139,0,1,1,0,1
38,46350,0,1,0,1,1
38,139,0,0,0,0,0
38,90148,1,0,0,0,1
38,82764,1,0,1,0,0
38,43967,1,0,0,1,0
38,84482,1,0,0,1,1
38,86492,0,1,1,1,1
38,86194,0,0,0,1,0
38,43396,0,0,1,0,1
38,44418,1,1,0,0,0
38,90785,1,0,1,1,1
38,139,0,1,0,1,0
38,45297,0,1,0,1,1
38,140,1,1,1,0,1
38,140,0,0,0,0,0
38,91964,1,1,1,0,0
38,90407,0,0,0,1,0
38,139,0,0,0,1,1
38,47226,1,1,0,1,0
38,93172,1,0,1,1,0
38,46035,0,1,0,1,1
38,142,0,1,1,1,0
38,46100,1,0,1,0,1
38,126,0,1,0,1,0
38,94098,1,1,0,0,1
38,46138,0,0,1,0,0
39,138,1,0,0,0,0
39,139,1,0,0,0,0
39,95354,1,0,1,1,1
39,89678,1,0,0,0,1
39,48133,1,1,0,0,0
39,139,0,1,1,1,0
39,140,0,0,0,1,1
39,131,0,0,1,1,0
39,46795,0,0,1,0,0
39,47678,0,1,0,0,1
39,92271,1,0,1,1,0
39,91760,0,0,0,1,0
39,46952,0,0,1,0,0
39,139,0,0,1,1,0
39,47814,1,1,0,1,1
39,94873,1,1,0,0,1
39,139,1,1,1,1,0
39,139,0,0,1,1,0
39,89593,1,1,1,0,0
39,47041,1,1,0,1,1
39,47228,0,1,0,0,1
39,48067,1,0,1,0,1
39,46681,1,1,0,1,0
39,46590,1,0,1,0,1
39,138,0,0,0,0,0
39,46371,0,1,0,0,0
39,139,1,1,1,0,1
39,94743,1,0,0,0,1
39,95613,0,1,1,1,1
39,48085,0,0,1,1,1
39,94432,0,1,1,1,1
39,139,1,1,1,0,1
40,140,0,0,0,1,1
40,49203,1,0,1,0,1
40,97599,0,1,1,1,1
40,115,0,1,1,1,0
40,140,0,1,1,1,0
40,98834,0,1,1,0,0
40,112,1,1,1,1,0
40,98043,1,0,1,1,0
40,98278,1,0,0,0,1
40,129,0,0,0,1,1
40,49380,0,0,1,0,0
40,49494,1,0,0,1,0
40,139,0,0,0,0,0
40,48838,0,0,1,1,1
40,97408,0,1,1,0,0
40,98383,1,0,1,0,0
40,48456,0,1,0,1,1
40,139,0,0,0,1,1
40,49991,1,0,0,1,0
40,139,0,0,0,0,0
40,48798,0,1,0,0,0
40,98360,1,0,1,1,1
40,139,1,1,1,0,1
40,141,0,1,1,1,0
40,130,0,0,0,0,0
40,97972,1,0,0,1,1
40,139,0,0,0,1,1
40,98395,0,0,0,1,0
40,139,1,1,1,1,0
40,49721,1,1,0,1,0
40,48990,0,0,1,0,0
40,97965,1,0,0,1,1
41,100603,1,1,0,0,1
41,50890,0,0,1,1,1
41,139,0,0,0,1,1
41,100666,1,0,0,0,1
41,99924,1,0,0,1,1
41,141,1,1,1,1,1
41,50525,0,0,1,0,0
41,139,1,0,0,0,0
41,100543,0,0,0,1,0
41,99802,1,1,1,0,0
41,100471,1,1,1,0,0
41,50079,0,0,1,0,1
41,139,0,1,0,1,0
41,50687,1,1,0,1,0
41,100361,1,1,0,0,1
41,50470,0,0,1,0,1
41,139,0,1,1,1,0
41,140,0,0,0,0,0
41,113,1,1,1,1,0
41,139,1,1,1,1,1
41,51010,0,1,0,0,1
41,101893,1,0,1,1,0
41,99671,1,0,0,0,1
41,49981,0,0,1,0,1
41,100231,0,1,1,0,0
41,49741,0,1,0,0,0
41,139,1,1,1,1,0
41,100953,1,0,0,0,1
41,139,0,0,1,1,0
41,139,0,1,1,1,0
41,139,1,1,1,0,1
41,99833,1,1,1,0,0
42,102851,0,1,1,0,0
42,50494,1,0,1,0,1
42,139,1,1,1,1,0
42,139,1,0,0,0,0
42,51219,1,0,1,0,1
42,51413,1,0,0,1,0
42,51115,0,1,0,0,0
42,50957,0,0,1,1,1
42,139,0,1,1,1,0
42,103565,1,0,1,0,0
42,101976,1,1,0,0,1
42,50557,1,1,0,1,1
42,138,0,0,0,0,0
42,103453,0,0,0,1,0
42,141,1,1,1,0,1
42,139,0,0,1,1,0
42,139,1,1,1,1,0
42,51156,1,1,0,1,1
42,139,0,0,0,1,1
42,50857,1,1,0,1,0
42,139,0,1,0,1,0
42,142,0,1,1,1,0
42,103237,0,1,1,0,0
42,103223,1,1,0,0,1
42,101773,1,1,1,0,0
42,104191,1,0,0,1,1
42,102497,0,0,0,0,1
42,103038,0,1,1,1,1
42,49201,0,1,0,1,1
42,110,1,1,1,1,0
42,97972,0,0,0,1,0
42,131,0,0,1,1,0
43,107,0,1,0,1,0
43,50743,0,1,0,0,1
43,105,0,0,1,1,0
43,52064,0,0,1,1,1
43,139,0,1,0,1,0
43,103588,1,0,1,0,0
43,51270,0,1,0,1,1
43,52135,0,0,1,0,0
43,52163,1,1,0,0,0
43,103555,1,0,0,1,1
43,139,0,1,0,1,0
43,53026,0,1,0,1,1
43,129,0,1,0,1,0
43,52475,1,1,0,0,0
43,50507,1,0,0,1,0
43,106283,1,1,0,0,1
43,139,0,0,0,1,1
43,105985,1,1,0,0,1
43,105106,1,0,1,0,0
43,140,1,1,1,1,1
43,104445,1,1,1,0,0
43,104763,1,0,0,0,1
43,105780,1,0,0,1,1
43,139,1,0,0,0,0
43,52128,1,1,0,1,0
43,52631,1,1,0,1,1
43,105385,0,0,0,1,0
43,139,0,1,0,1,0
43,53137,1,0,0,1,0
43,105033,0,0,0,0,1
43,52437,1,0,0,1,0
43,52622,1,1,0,1,0
44,139,0,1,1,0,1
44,139,1,1,1,0,1
44,139,0,0,1,1,0
44,139,0,0,0,1,1
44,140,0,1,0,1,0
44,53854,0,1,0,1,1
44,54272,1,0,1,0,1
44,107435,1,0,1,0,0
44,54494,1,1,0,0,0
44,108001,1,0,1,0,0
44,140,0,1,1,0,1
44,139,1,1,1,1,0
44,139,0,0,0,1,1
44,108913,1,0,0,0,1
44,139,1,0,0,0,0
44,139,0,1,1,1,0
44,53456,0,0,1,0,1
44,107049,0,1,1,1,1
44,53413,0,0,1,1,1
44,53620,1,0,0,1,0
44,139,0,0,1,1,0
44,139,0,1,0,1,0
44,107811,0,1,1,1,1
44,108115,1,0,0,0,1
44,54612,1,0,0,1,0
44,135,0,1,1,1,0
44,54231,0,1,0,1,1
44,139,0,0,1,1,0
44,54363,1,0,0,1,0
44,108035,0,1,1,0,0
44,53937,1,1,0,0,0
44,139,0,0,0,1,1
45,110618,1,0,1,1,0
45,54213,1,1,0,1,1
45,138,0,1,0,1,0
45,139,0,0,0,0,0
45,54345,1,0,0,1,0
45,109260,0,1,1,0,0
45,109,0,1,1,1,0
45,55967,0,1,0,1,1
45,108467,0,0,0,0,1
45,55214,1,1,0,0,0
45,109803,1,1,0,0,1
45,109729,1,0,1,1,1
45,139,1,0,0,0,0
45,111186,1,0,1,0,0
45,139,1,0,0,0,0
45,142,0,1,1,0,1
45,56058,0,1,0,1,1
45,55448,0,1,0,0,0
45,109796,1,0,1,1,0
45,110769,1,0,1,1,0
45,110459,0,1,1,1,1
45,54936,1,1,0,1,1
45,139,1,1,1,1,0
45,55221,0,0,1,1,1
45,139,1,1,1,0,1
45,140,0,1,1,1,0
45,138,0,1,1,1,0
45,55530,1,0,0,1,0
45,137,0,0,0,0,0
45,55580,0,0,1,0,0
45,139,1,1,1,1,1
45,54713,0,0,1,0,1
46,139,1,1,1,0,1
46,113656,1,0,1,1,0
46,55687,0,0,1,0,1
46,56173,1,1,0,1,1
46,139,1,1,1,1,0
46,139,1,1,1,1,1
46,139,0,0,0,1,1
46,56113,0,0,1,0,0
46,111316,0,1,1,1,1
46,136,0,1,1,1,0
46,139,0,1,1,0,1
46,112337,0,1,1,0,0
46,139,1,0,0,0,0
46,113535,0,0,0,1,0
46,56327,1,0,1,0,1
46,110580,1,0,1,0,0
46,109919,0,0,0,0,1
46,54090,1,0,0,1,0
46,55875,1,0,0,1,0
46,139,0,0,0,0,0
46,55091,0,1,0,0,1
46,139,0,1,1,1,0
46,55751,0,1,0,0,1
46,114089,1,1,1,0,0
46,139,1,0,0,0,0
46,114233,1,0,1,1,1
46,55533,1,1,0,1,0
46,113582,0,0,0,1,0
46,55826,1,1,0,1,0
46,56004,1,0,1,0,1
46,55532,0,0,1,0,1
46,139,0,0,1,1,0
47,139,0,1,0,1,0
47,139,0,0,0,0,0
47,58492,0,0,1,0,1
47,115163,1,1,1,0,0
47,57715,0,1,0,0,0
47,139,0,1,1,1,0
47,115752,0,0,0,0,1
47,57543,0,1,0,1,1
47,115323,0,0,0,1,0
47,115888,1,0,1,1,0
47,115441,1,0,1,1,0
47,139,1,1,1,0,1
47,139,0,1,1,0,1
47,116422,1,0,1,0,0
47,57143,0,1,0,1,1
47,57871,1,1,0,0,0
47,57530,0,1,0,1,1
47,115071,1,0,1,1,1
47,139,1,1,1,0,1
47,130,1,1,1,1,1
47,114768,1,0,0,0,1
47,140,0,0,0,1,1
47,114631,1,1,0,0,1
47,57486,0,0,1,0,0
47,56256,0,1,0,0,1
47,115900,0,0,0,0,1
47,58083,0,0,1,0,0
47,55952,1,0,1,0,1
47,139,0,0,0,0,0
47,139,0,1,0,1,0
47,56923,1,1,0,1,1
47,139,1,1,1,0,1
48,139,0,1,0,1,0
48,139,0,0,0,1,1
48,139,0,1,1,1,0
48,117307,0,1,1,0,0
48,139,0,1,0,1,0
48,58773,1,1,0,1,1
48,57809,0,1,0,1,1
48,118148,1,1,1,0,0
48,59128,0,0,1,0,0
48,118627,1,1,0,0,1
48,117125,1,0,1,1,0
48,57414,1,0,1,0,1
48,117733,1,0,1,1,1
48,140,0,1,1,0,1
48,58723,1,1,0,1,1
48,118154,1,0,0,1,1
48,57982,0,1,0,0,1
48,139,1,1,1,0,1
48,59087,0,1,0,0,0
48,117950,1,0,1,1,1
48,118395,1,0,1,1,0
48,118760,0,0,0,0,1
48,139,0,1,1,1,0
48,58651,1,0,0,1,0
48,110132,1,0,1,0,0
48,110472,1,0,0,1,1
48,113301,1,0,1,0,0
48,57848,0,0,1,0,1
48,118009,0,1,1,1,1
48,141,1,1,1,1,1
48,139,0,0,1,1,0
48,59264,1,1,0,1,0
49,59505,0,0,1,0,1
49,121327,1,0,0,1,1
49,120288,0,0,0,1,0
49,118779,1,0,0,1,1
49,140,0,0,0,1,1
49,139,0,0,0,1,1
49,60136,1,1,0,1,0
49,120089,0,1,1,1,1
49,139,1,1,1,1,1
49,139,0,1,1,0,1
49,60108,1,1,0,1,1
49,119424,1,0,1,1,0
49,59280,0,0,1,0,0
49,120437,0,1,1,0,0
49,120569,1,0,1,1,1
49,58650,0,1,0,0,1
49,120810,1,0,1,0,0
49,137,0,0,1,1,0
49,139,0,0,0,0,0
49,60464,1,0,0,1,0
49,121283,0,0,0,1,0
49,59596,0,1,0,0,1
49,58072,1,0,1,0,1
49,142,0,1,1,1,0
49,111470,0,0,0,1,0
49,55406,0,1,0,1,1
49,54313,0,0,1,0,0
49,139,1,1,1,1,1
49,135,1,1,1,1,1
49,113404,0,0,0,1,0
49,54115,0,0,1,0,0
49,108577,0,1,1,1,1
50,136,0,0,0,1,1
50,54192,1,1,0,0,0
50,135,0,1,0,1,0
50,55958,0,1,0,0,1
50,58597,1,0,1,0,1
50,112,0,0,0,1,1
50,117718,0,1,1,1,1
50,113186,1,0,1,1,1
50,118263,1,0,1,1,1
50,58523,1,1,0,1,1
50,114044,0,0,0,1,0
50,129,0,0,1,1,0
50,110,0,1,1,1,0
50,127,0,1,1,1,0
50,109,1,1,1,0,1
50,57955,1,1,0,1,1
50,113587,1,0,0,1,1
50,112148,1,0,0,1,1
50,57486,0,1,0,0,1
50,113088,1,0,0,0,1
50,114271,0,0,0,0,1
50,114266,1,0,0,0,1
50,56104,1,1,0,0,0
50,114709,1,0,0,1,1
50,57942,0,0,1,0,0
50,131,1,1,1,1,0
50,115984,0,1,1,0,0
50,113495,1,0,1,1,0
50,139,1,1,1,1,0
50,56125,0,0,1,1,1
50,108,0,1,1,1,0
50,132,1,1,1,0,1
51,115068,0,0,0,0,1
51,116532,0,0,0,1,0
51,116117,0,0,0,0,1
51,111,0,0,1,1,0
51,121834,1,1,1,0,0
51,118805,1,0,1,0,0
51,58584,1,0,1,0,1
51,131,0,1,1,1,0
51,112,1,1,1,1,1
51,117758,0,1,1,0,0
51,60679,1,1,0,0,0
51,58598,0,1,0,1,1
51,59924,0,0,1,1,1
51,60593,0,1,0,0,1
51,57267,0,0,1,1,1
51,110,1,1,1,1,0
51,60722,0,1,0,0,0
51,60415,1,1,0,1,0
51,131,0,0,0,0,0
51,140,1,1,1,0,1
51,121636,0,0,0,1,0
51,120762,1,0,0,0,1
51,58609,0,1,0,0,0
51,118,0,1,1,1,0
51,129,0,0,0,1,1
51,130,1,1,1,1,1
51,244,0,1,0,1,0
51,60438,1,0,1,0,1
51,113,1,1,1,1,0
51,119645,0,1,1,0,0
51,58112,1,1,0,1,1
51,129,1,1,1,1,0
52,59348,0,1,0,0,1
52,118227,1,0,1,1,0
52,119141,0,1,1,0,0
52,58479,0,1,0,0,0
52,58429,0,1,0,0,1
52,118309,1,1,1,0,0
52,106,1,0,0,0,0
52,59343,1,0,0,1,0
52,110,0,1,0,1,0
52,59454,0,1,0,0,1
52,116162,0,1,1,0,0
52,58067,0,1,0,1,1
52,136,1,1,1,1,0
52,59447,1,1,0,1,0
52,129,0,1,1,0,1
52,119105,0,0,0,1,0
52,142,1,1,1,0,1
52,118479,1,0,1,1,1
52,137,0,1,0,1,0
52,57914,1,1,0,1,0
52,130,0,1,1,1,0
52,116119,1,0,1,1,1
52,58109,1,0,0,1,0
52,139,1,1,1,0,1
52,116198,0,1,1,1,1
52,121562,1,0,1,0,0
52,139,0,0,1,1,0
52,120651,1,0,1,0,0
52,60223,0,0,1,1,1
52,135,0,1,1,0,1
52,130,1,1,1,0,1
52,59667,1,1,0,0,0
53,60647,1,1,0,1,0
53,63684,1,0,0,1,0
53,135,0,0,0,0,0
53,129,1,1,1,1,0
53,105,1,1,1,1,0
53,130,0,0,0,0,0
53,62888,0,1,0,0,0
53,131,1,0,0,0,0
53,119,1,1,1,0,1
53,123649,1,0,1,1,0
53,121,0,1,0,1,0
53,61476,1,0,1,0,1
53,122308,1,1,0,0,1
53,62783,1,1,0,1,1
53,139,0,1,1,1,0
53,129326,1,0,0,1,1
53,61167,1,0,1,0,1
53,60007,1,1,0,1,1
53,60302,0,0,1,1,1
53,126031,1,0,0,0,1
53,121396,0,1,1,0,0
53,123,1,1,1,0,1
53,111,0,0,1,1,0
53,126487,0,1,1,0,0
53,136,0,0,0,0,0
53,61768,0,0,1,0,0
53,128469,1,0,1,0,0
53,62578,0,0,1,0,0
53,139,0,0,0,1,1
53,64806,0,1,0,0,1
53,126792,1,1,0,0,1
53,120,0,1,0,1,0
54,136,0,0,0,1,1
54,133411,1,0,0,0,1
54,63147,1,1,0,1,1
54,130340,1,0,1,1,1
54,65000,1,0,0,1,0
54,63320,0,1,0,0,0
54,139,1,1,1,1,1
54,131015,1,1,1,0,0
54,63814,1,1,0,0,0
54,131384,0,0,0,1,0
54,130855,0,1,1,0,0
54,132111,0,1,1,1,1
54,130536,1,0,0,1,1
54,133,1,1,1,1,0
54,133375,1,0,1,0,0
54,140,1,1,1,1,0
54,124000,0,0,0,1,0
54,62667,1,1,0,1,1
54,105,0,0,1,1,0
54,123652,0,0,0,1,0
54,127146,1,0,1,0,0
54,129939,1,0,1,1,0
54,129487,1,0,1,1,1
54,130793,1,1,0,0,1
54,128043,0,0,0,0,1
54,64052,0,0,1,0,1
54,130961,1,1,0,0,1
54,63776,0,0,1,0,0
54,62846,1,1,0,0,0
54,139,1,1,1,1,0
54,66113,1,1,0,1,0
54,133092,1,0,1,1,0
55,139,1,1,1,0,1
55,140,1,1,1,1,1
55,66940,1,0,1,0,1
55,139,0,0,1,1,0
55,65372,0,0,1,0,0
55,66292,0,1,0,1,1
55,109,0,0,0,0,0
55,139,1,1,1,1,1
55,131946,0,0,0,1,0
55,140,0,0,0,0,0
55,134293,1,0,1,1,0
55,138,0,1,0,1,0
55,140,1,1,1,1,1
55,140,1,0,0,0,0
55,68033,0,0,1,1,1
55,134513,1,1,0,0,1
55,138,0,0,0,0,0
55,134146,1,1,0,0,1
55,130425,1,0,1,0,0
55,143,0,1,0,1,0
55,65673,0,1,0,0,0
55,131854,0,1,1,0,0
55,126657,1,0,1,0,0
55,139,0,0,0,1,1
55,127211,1,0,1,1,1
55,130,0,0,1,1,0
55,141,0,1,1,1,0
55,64254,1,1,0,1,1
55,66614,0,0,1,0,1
55,130629,1,1,1,0,0
55,134482,1,0,0,1,1
55,132557,0,1,1,1,1
56,67494,1,0,0,1,0
56,68525,1,1,0,0,0
56,68377,0,0,1,0,1
56,135090,0,0,0,1,0
56,134254,1,0,0,0,1
56,67830,0,1,0,0,1
56,67772,0,1,0,0,0
56,139,1,1,1,1,0
56,139,0,0,0,1,1
56,136964,1,0,1,1,1
56,139,0,0,0,1,1
56,139,1,1,1,1,1
56,67655,1,1,0,1,0
56,68046,0,1,0,0,1
56,134737,1,0,1,1,0
56,138,0,0,0,0,0
56,67855,1,0,0,1,0
56,113,1,1,1,1,0
56,67771,0,1,0,1,1
56,139,1,0,0,0,0
56,135336,0,0,0,1,0
56,133125,1,1,0,0,1
56,138,0,0,1,1,0
56,139,1,0,0,0,0
56,139,1,0,0,0,0
56,139,0,1,1,0,1
56,110,0,1,0,1,0
56,67835,0,0,1,0,1
56,127293,1,0,0,1,1
56,129845,0,0,0,0,1
56,128600,0,0,0,0,1
56,65318,0,0,1,0,0
57,133542,1,1,1,0,0
57,64579,0,1,0,0,1
57,127,0,0,0,0,0
57,66189,1,0,0,1,0
57,139,0,1,0,1,0
57,68379,1,1,0,0,0
57,140,1,1,1,1,1
57,130,1,1,1,1,0
57,120,1,1,1,1,1
57,107,0,1,0,1,0
57,128,1,1,1,1,0
57,66606,0,0,1,0,1
57,138836,0,0,0,0,1
57,139,1,0,0,0,0
57,69384,0,1,0,0,1
57,140461,1,1,0,0,1
57,70472,0,1,0,0,1
57,139590,1,0,1,1,1
57,68758,0,0,1,1,1
57,139,0,1,1,0,1
57,139899,1,0,1,1,0
57,139,0,1,1,0,1
57,69742,1,1,0,1,1
57,69606,1,1,0,0,0
57,139420,1,0,1,1,0
57,141132,1,0,1,1,1
57,139,0,0,1,1,0
57,141116,1,0,1,1,1
57,140,1,1,1,1,1
57,139875,1,0,1,1,1
57,141393,1,0,1,1,1
57,137,0,0,0,1,1
58,142840,0,1,1,1,1
58,142019,0,1,1,0,0
58,139,0,0,1,1,0
58,70920,0,1,0,0,1
58,142337,0,1,1,1,1
58,141245,1,1,1,0,0
58,139,1,0,0,0,0
58,143000,0,0,0,1,0
58,71201,1,1,0,0,0
58,142066,0,0,0,1,0
58,70296,1,1,0,1,1
58,139,0,0,1,1,0
58,70469,0,1,0,0,0
58,71411,1,0,1,0,1
58,70743,1,1,0,1,1
58,139,0,1,0,1,0
58,71225,0,1,0,1,1
58,70424,0,1,0,1,1
58,71252,1,1,0,1,0
58,130,1,0,0,0,0
58,71017,0,1,0,0,0
58,142610,0,0,0,0,1
58,70330,1,0,0,1,0
58,139,1,1,1,1,1
58,137,0,1,1,0,1
58,140,0,1,1,0,1
58,70915,1,1,0,0,0
58,142216,1,1,0,0,1
58,70551,1,1,0,0,0
58,139,1,1,1,0,1
58,141,0,0,1,1,0
58,139,0,1,1,1,0
59,144307,1,1,1,0,0
59,137,0,1,1,1,0
59,138,0,1,1,0,1
59,73407,0,1,0,0,1
59,72198,0,1,0,1,1
59,139,0,0,0,1,1
59,72146,0,0,1,1,1
59,144190,0,1,1,0,0
59,71652,0,0,1,0,1
59,139,1,1,1,0,1
59,72461,0,1,0,0,0
59,137,0,0,0,0,0
59,73211,0,0,1,1,1
59,124,0,0,1,1,0
59,140,0,0,0,1,1
59,146760,0,1,1,0,0
59,140,1,0,0,0,0
59,145345,1,0,0,1,1
59,72851,1,1,0,1,1
59,72055,0,0,1,0,0
59,139,0,1,1,0,1
59,145917,0,0,0,1,0
59,72318,1,1,0,0,0
59,139,0,1,1,1,0
59,139,0,0,0,1,1
59,146037,1,0,0,1,1
59,71736,1,1,0,1,1
59,139,1,1,1,1,0
59,71936,0,0,1,0,0
59,73003,0,0,1,0,0
59,71859,1,1,0,0,0
59,139,0,1,1,1,0
60,147027,0,1,1,0,0
60,139,0,0,0,1,1
60,73644,0,0,1,0,1
60,139,1,0,0,0,0
60,74146,0,0,1,0,1
60,147525,1,0,1,1,0
60,74220,0,1,0,1,1
60,146716,0,1,1,1,1
60,139,1,1,1,0,1
60,74444,0,0,1,0,1
60,146883,1,0,1,1,1
60,73886,1,1,0,0,0
60,147183,1,0,0,0,1
60,72889,1,1,0,1,1
60,73178,1,1,0,1,0
60,139,0,1,1,0,1
60,74503,1,1,0,1,0
60,147094,0,1,1,0,0
60,147085,1,1,0,0,1
60,148200,1,0,1,1,0
60,139,0,0,1,1,0
60,147109,0,0,0,0,1
60,73438,0,0,1,0,0
60,146871,1,0,1,1,1
60,147832,1,0,0,1,1
60,146952,1,1,1,0,0
60,146845,0,0,0,0,1
60,72916,1,1,0,1,0
60,73350,0,1,0,0,0
60,139,1,1,1,1,1
60,139,0,1,1,1,0
60,148871,1,0,1,1,1
61,73880,0,0,1,0,0
61,149000,1,0,1,1,0
61,149639,1,0,0,0,1
61,139,0,1,0,1,0
61,150034,1,1,1,0,0
61,149175,0,1,1,0,0
61,74658,0,1,0,0,1
61,147489,0,1,1,0,0
61,149490,1,0,0,1,1
61,139,1,1,1,0,1
61,75190,1,1,0,0,0
61,150054,1,0,0,1,1
61,125,0,1,1,1,0
61,139,0,1,0,1,0
61,74907,0,0,1,0,1
61,139,0,0,1,1,0
61,139,1,0,0,0,0
61,150660,0,0,0,1,0
61,74618,1,1,0,1,0
61,151295,0,1,1,0,0
61,149452,0,1,1,1,1
61,73306,1,0,0,1,0
61,73587,0,1,0,0,0
61,139,1,1,1,1,0
61,151363,0,1,1,0,0
61,149926,1,0,1,1,1
61,146759,0,1,1,1,1
61,140,1,0,0,0,0
61,74964,0,1,0,1,1
61,150874,0,1,1,0,0
61,150220,0,1,1,0,0
61,74310,0,0,1,0,1
62,139,0,1,1,1,0
62,151980,1,0,1,1,1
62,76496,1,1,0,0,0
62,152063,0,0,0,1,0
62,139,0,0,1,1,0
62,152764,1,1,0,0,1
62,139,0,0,0,0,0
62,139,1,0,0,0,0
62,76674,0,0,1,0,0
62,153771,0,1,1,1,1
62,151701,0,0,0,1,0
62,76623,1,1,0,0,0
62,153314,0,1,1,0,0
62,151314,1,0,1,1,0
62,138,0,0,0,0,0
62,74860,0,1,0,0,1
62,151385,0,0,0,1,0
62,75945,0,1,0,1,1
62,139,1,0,0,0,0
62,152880,0,1,1,0,0
62,74144,1,1,0,1,1
62,139,0,1,0,1,0
62,153625,1,0,1,1,0
62,139,1,1,1,1,0
62,75580,1,0,1,0,1
62,75266,0,0,1,0,0
62,139,0,0,1,1,0
62,75992,1,0,1,0,1
62,152845,1,0,0,1,1
62,76077,1,1,0,1,1
62,152776,1,0,0,1,1
62,151817,0,0,0,1,0
63,155153,0,0,0,0,1
63,76551,1,0,0,1,0
63,139,0,1,0,1,0
63,156290,1,0,1,1,0
63,154814,1,1,0,0,1
63,154206,0,0,0,0,1
63,77777,0,0,1,1,1
63,138,0,0,0,0,0
63,77371,0,1,0,0,0
63,152417,1,0,1,1,1
63,139,0,1,1,0,1
63,140,1,1,1,1,1
63,155406,1,0,0,1,1
63,154667,1,0,0,1,1
63,77888,0,0,1,0,1
63,139,0,0,1,1,0
63,154946,0,0,0,0,1
63,77361,0,0,1,0,0
63,76471,0,1,0,0,0
63,77768,0,1,0,1,1
63,77610,0,1,0,0,1
63,76986,1,1,0,1,1
63,153827,0,1,1,0,0
63,156047,0,1,1,0,0
63,139,0,1,1,0,1
63,139,1,1,1,1,1
63,139,0,0,0,1,1
63,77671,1,1,0,1,0
63,77844,0,1,0,0,0
63,139,1,1,1,1,0
63,139,0,1,1,0,1
63,155583,0,1,1,1,1
64,78517,1,0,1,0,1
64,78620,0,0,1,0,1
64,157292,0,0,0,1,0
64,157127,0,0,0,1,0
64,78598,0,1,0,0,1
64,77762,0,1,0,0,1
64,158442,0,0,0,1,0
64,139,0,1,1,1,0
64,77494,1,0,1,0,1
64,140,0,0,0,1,1
64,78913,1,0,1,0,1
64,78622,1,1,0,0,0
64,78624,1,0,1,0,1
64,157122,0,0,0,1,0
64,139,0,0,0,0,0
64,139,1,0,0,0,0
64,79028,1,1,0,1,1
64,139,1,1,1,1,0
64,139,0,0,0,1,1
64,141,1,1,1,1,1
64,158410,1,0,0,0,1
64,79131,1,0,1,0,1
64,139,1,0,0,0,0
64,157455,0,1,1,0,0
64,139,0,1,1,1,0
64,78240,0,0,1,1,1
64,78138,1,1,0,0,0
64,156935,1,0,1,0,0
64,139,0,1,0,1,0
64,77477,1,1,0,1,0
64,78861,0,0,1,0,0
64,77616,0,1,0,0,1
65,80570,1,1,0,0,0
65,139,0,1,1,0,1
65,161038,0,0,0,1,0
65,139,0,0,1,1,0
65,139,0,0,1,1,0
65,139,0,0,0,1,1
65,159892,1,0,0,1,1
65,139,1,1,1,1,1
65,159249,1,0,1,0,0
65,159817,1,1,1,0,0
65,140,0,1,1,1,0
65,79511,0,1,0,0,0
65,155526,0,1,1,1,1
65,158114,0,1,1,0,0
65,139,0,0,0,0,0
65,160680,1,0,1,0,0
65,139,1,0,0,0,0
65,139,1,1,1,0,1
65,158850,1,0,1,0,0
65,80009,1,1,0,0,0
65,80004,0,0,1,0,1
65,139,1,0,0,0,0
65,159944,0,1,1,0,0
65,139,0,1,1,0,1
65,78696,0,0,1,0,0
65,78800,1,1,0,0,0
65,139,1,1,1,1,0
65,160051,0,1,1,1,1
65,158371,1,0,0,0,1
65,157588,0,1,1,1,1
65,79752,1,1,0,0,0
65,159863,1,0,1,0,0
66,130,1,1,1,1,1
66,131,1,1,1,0,1
66,139,0,1,1,1,0
66,139,0,1,1,0,1
66,81537,0,1,0,1,1
66,139,0,0,0,0,0
66,80183,0,1,0,0,0
66,162570,1,0,1,1,1
66,80782,0,1,0,0,0
66,81060,0,0,1,1,1
66,162146,1,0,1,0,0
66,80162,0,1,0,0,1
66,139,0,0,1,1,0
66,163708,1,0,1,1,0
66,162904,1,0,0,1,1
66,81363,1,0,1,0,1
66,162536,1,1,1,0,0
66,162998,1,0,0,0,1
66,80336,0,1,0,0,0
66,80950,0,0,1,0,1
66,161453,0,0,0,0,1
66,78925,0,1,0,0,1
66,80973,1,1,0,1,1
66,162131,1,1,0,0,1
66,80418,0,0,1,0,1
66,80961,1,1,0,0,0
66,80252,1,1,0,1,0
66,81091,0,1,0,1,1
66,81005,1,1,0,1,0
66,160472,1,0,1,1,0
66,160351,1,0,0,0,1
66,139,0,0,1,1,0
67,165245,0,0,0,1,0
67,164623,0,1,1,0,0
67,139,1,1,1,1,0
67,82166,1,1,0,1,1
67,81183,1,0,0,1,0
67,139,1,1,1,1,1
67,82404,0,0,1,0,1
67,164280,0,1,1,1,1
67,164302,1,0,0,1,1
67,123,0,1,1,0,1
67,164259,0,1,1,1,1
67,139,1,0,0,0,0
67,139,0,1,1,1,0
67,139,1,1,1,1,1
67,163614,1,1,0,0,1
67,75803,1,1,0,1,0
67,82289,0,1,0,0,1
67,139,1,1,1,1,1
67,163853,1,1,0,0,1
67,164438,1,1,1,0,0
67,82233,1,1,0,0,0
67,162706,1,0,1,1,1
67,81386,1,0,0,1,0
67,132,1,1,1,1,0
67,80968,0,0,1,0,1
67,162804,1,1,1,0,0
67,162124,0,0,0,0,1
67,82170,0,0,1,1,1
67,81919,1,1,0,0,0
67,140,1,0,0,0,0
67,139,1,1,1,0,1
67,81471,1,0,1,0,1
68,166798,1,0,0,1,1
68,139,0,0,0,0,0
68,168490,1,0,1,1,1
68,139,0,1,0,1,0
68,83889,0,0,1,0,1
68,81736,1,1,0,1,0
68,83938,0,0,1,1,1
68,83985,0,1,0,1,1
68,137,1,0,0,0,0
68,166096,0,1,1,1,1
68,165885,0,0,0,1,0
68,139,1,1,1,1,1
68,83239,1,1,0,1,0
68,82311,0,0,1,1,1
68,83009,0,1,0,0,1
68,138,0,0,1,1,0
68,168101,1,1,0,0,1
68,168445,1,1,1,0,0
68,83590,0,1,0,0,1
68,82403,1,0,0,1,0
68,83190,0,1,0,0,0
68,166131,1,0,0,0,1
68,139,1,1,1,1,0
68,107,0,1,1,1,0
68,82821,0,1,0,0,0
68,82985,0,0,1,0,0
68,83259,0,1,0,0,0
68,139,0,1,1,0,1
68,166081,1,1,0,0,1
68,82782,0,0,1,1,1
68,82457,0,0,1,1,1
68,167472,1,0,0,0,1
69,169529,1,0,1,1,0
69,139,0,1,1,1,0
69,139,1,1,1,1,1
69,85345,1,1,0,0,0
69,84248,0,1,0,1,1
69,85299,0,1,0,1,1
69,169631,1,0,1,1,1
69,84541,1,1,0,0,0
69,84905,0,0,1,1,1
69,169259,1,0,1,0,0
69,168783,1,0,1,1,0
69,168752,0,1,1,1,1
69,85724,0,0,1,1,1
69,169729,1,0,0,0,1
69,84331,0,1,0,1,1
69,139,0,1,0,1,0
69,84672,1,0,0,1,0
69,169548,0,1,1,1,1
69,84434,0,0,1,1,1
69,139,1,1,1,1,0
69,84559,0,1,0,0,1
69,169636,1,0,1,1,0
69,136,1,1,1,1,0
69,139,1,1,1,0,1
69,84822,0,1,0,0,0
69,168951,0,0,0,1,0
69,169196,0,0,0,1,0
69,84560,0,0,1,0,1
69,83778,1,0,1,0,1
69,168988,0,0,0,0,1
69,170280,0,0,0,1,0
69,84695,0,1,0,0,0
70,171984,0,1,1,1,1
70,86604,1,0,1,0,1
70,84983,1,0,0,1,0
70,139,1,1,1,0,1
70,86007,1,1,0,1,0
70,85854,0,1,0,1,1
70,169511,1,1,1,0,0
70,85328,1,1,0,0,0
70,170780,1,1,1,0,0
70,85443,0,1,0,0,1
70,172529,0,1,1,0,0
70,139,0,1,0,1,0
70,139,0,1,1,1,0
70,86010,1,1,0,1,1
70,170920,0,1,1,1,1
70,170844,1,0,1,1,1
70,139,1,1,1,1,1
70,139,0,0,0,0,0
70,139,0,0,1,1,0
70,139,0,0,0,1,1
70,87182,0,1,0,1,1
70,172230,1,0,0,0,1
70,85236,1,1,0,1,0
70,86031,1,0,0,1,0
70,170976,1,0,1,0,0
70,84730,1,1,0,1,0
70,139,0,1,1,1,0
70,171457,0,1,1,0,0
70,171908,1,0,1,0,0
70,85882,0,0,1,0,1
70,86283,1,1,0,0,0
70,85281,1,1,0,1,1
71,174228,0,1,1,0,0
71,87146,1,1,0,1,1
71,165312,1,0,0,0,1
71,130,0,0,0,0,0
71,139,0,1,1,0,1
71,162835,1,0,1,1,1
71,169452,1,0,1,0,0
71,174572,0,1,1,1,1
71,174080,0,0,0,1,0
71,139,1,1,1,1,0
71,139,1,1,1,0,1
71,174794,1,0,1,1,0
71,87013,1,0,1,0,1
71,174061,1,1,0,0,1
71,174986,1,0,1,0,0
71,139,0,1,1,0,1
71,174520,0,1,1,1,1
71,139,0,1,0,1,0
71,174871,1,0,1,1,1
71,139,0,1,1,0,1
71,87479,0,1,0,0,0
71,174249,1,1,0,0,1
71,174498,1,0,0,0,1
71,86448,1,1,0,0,0
71,129,0,0,0,0,0
71,87395,0,1,0,0,0
71,86980,1,0,1,0,1
71,173729,0,0,0,1,0
71,87106,1,1,0,0,0
71,175733,0,1,1,1,1
71,175259,1,0,1,0,0
71,138,0,0,1,1,0
72,174550,0,0,0,1,0
72,138,0,0,0,0,0
72,88218,1,1,0,1,0
72,176571,1,1,1,0,0
72,140,0,1,0,1,0
72,88820,0,1,0,1,1
72,178149,1,0,1,1,0
72,176251,1,0,0,0,1
72,141,0,1,0,1,0
72,139,0,0,1,1,0
72,177016,0,0,0,0,1
72,176105,1,0,0,1,1
72,87340,0,1,0,0,1
72,139,1,1,1,1,1
72,88224,0,1,0,1,1
72,175868,1,0,1,0,0
72,177471,1,0,1,1,1
72,139,0,1,1,1,0
72,89217,1,0,1,0,1
72,175901,0,1,1,1,1
72,139,0,1,0,1,0
72,139,0,0,1,1,0
72,177725,1,0,1,0,0
72,88129,1,1,0,1,0
72,140,0,0,1,1,0
72,89081,1,0,0,1,0
72,175907,0,0,0,0,1
72,175261,1,0,1,0,0
72,140,1,0,0,0,0
72,139,0,0,0,0,0
72,175858,0,1,1,0,0
72,168530,1,0,1,0,0
73,139,0,1,0,1,0
73,140,0,0,1,1,0
73,87254,1,1,0,0,0
73,140,1,1,1,1,1
73,173046,1,0,0,1,1
73,178427,0,0,0,1,0
73,88951,1,1,0,0,0
73,88533,0,0,1,1,1
73,88868,1,1,0,1,0
73,139,1,1,1,0,1
73,89902,0,0,1,0,1
73,178060,1,0,0,0,1
73,179091,1,0,1,1,1
73,177585,1,1,0,0,1
73,139,1,1,1,1,0
73,180887,1,0,1,1,1
73,180385,1,0,1,0,0
73,89192,1,0,0,1,0
73,140,0,0,0,0,0
73,89884,0,1,0,0,0
73,139,0,0,1,1,0
73,179105,1,1,1,0,0
73,139,1,1,1,0,1
73,90444,0,1,0,0,1
73,139,1,1,1,0,1
73,89200,0,0,1,1,1
73,136,0,1,1,1,0
73,89611,1,1,0,1,1
73,177860,1,1,0,0,1
73,180817,0,1,1,0,0
73,179591,1,0,1,1,1
73,141,1,1,1,1,1
74,182191,0,1,1,0,0
74,127,0,1,1,1,0
74,182853,1,0,1,1,1
74,181000,0,0,0,1,0
74,182532,1,0,1,1,0
74,181293,1,0,1,1,0
74,89545,1,1,0,0,0
74,181155,1,1,1,0,0
74,139,0,0,1,1,0
74,182838,1,0,0,0,1
74,90563,0,1,0,0,0
74,90590,0,0,1,1,1
74,139,0,0,1,1,0
74,182373,1,0,1,1,1
74,181561,1,0,0,0,1
74,90908,0,1,0,0,0
74,180767,0,0,0,0,1
74,180836,1,1,1,0,0
74,139,0,0,1,1,0
74,139,0,1,1,0,1
74,92003,0,1,0,1,1
74,181340,1,0,1,1,0
74,137,0,0,1,1,0
74,182050,1,0,1,1,0
74,180995,1,0,1,1,1
74,90667,1,1,0,0,0
74,91287,0,0,1,0,1
74,90617,1,0,1,0,1
74,90826,1,0,0,1,0
74,89896,0,1,0,0,1
74,139,1,0,0,0,0
74,180589,1,0,0,1,1
75,91779,1,1,0,0,0
75,184532,1,1,0,0,1
75,185276,1,0,1,1,0
75,184213,1,0,1,1,0
75,92468,0,1,0,0,0
75,139,1,1,1,1,1
75,185482,1,0,1,1,1
75,183042,1,1,0,0,1
75,181915,1,0,1,0,0
75,92336,0,1,0,1,1
75,184724,0,0,0,1,0
75,140,1,1,1,1,1
75,184835,1,0,0,1,1
75,184722,0,0,0,0,1
75,90886,0,1,0,0,0
75,92214,1,1,0,0,0
75,92182,1,1,0,0,0
75,139,1,1,1,0,1
75,185305,0,0,0,0,1
75,92561,1,1,0,1,1
75,185158,1,0,1,0,0
75,136,0,1,1,1,0
75,91225,1,1,0,0,0
75,92639,0,0,1,0,1
75,183660,1,1,0,0,1
75,92388,1,1,0,0,0
75,184092,1,0,1,0,0
75,91805,1,0,0,1,0
75,139,0,1,0,1,0
75,93194,0,0,1,0,0
75,185218,1,1,0,0,1
75,183672,1,0,1,0,0
76,94009,0,1,0,0,0
76,139,1,1,1,1,0
76,140,0,0,0,0,0
76,187985,1,1,0,0,1
76,93446,0,1,0,0,1
76,186026,1,0,1,0,0
76,186574,0,0,0,0,1
76,185565,0,0,0,1,0
76,139,0,0,0,1,1
76,147,1,1,1,1,0
76,188047,1,0,1,1,1
76,187205,1,1,0,0,1
76,93589,1,1,0,0,0
76,139,0,1,0,1,0
76,188359,0,0,0,0,1
76,186727,1,0,0,0,1
76,91467,0,1,0,1,1
76,187271,1,1,1,0,0
76,187620,0,1,1,0,0
76,139,1,1,1,0,1
76,93402,0,0,1,0,0
76,139,0,1,0,1,0
76,93166,0,1,0,0,0
76,93965,1,1,0,1,0
76,139,0,1,1,0,1
76,140,1,1,1,1,0
76,92994,0,1,0,0,1
76,93062,0,1,0,0,1
76,139,1,1,1,1,1
76,187313,1,0,0,1,1
76,186828,1,1,0,0,1
76,139,1,0,0,0,0
77,139,1,0,0,0,0
77,190637,1,0,1,1,1
77,139,0,1,1,0,1
77,94653,1,1,0,1,0
77,93123,0,1,0,0,0
77,187816,1,0,1,0,0
77,94969,0,1,0,0,0
77,189571,1,0,1,0,0
77,95034,0,0,1,0,1
77,139,0,1,1,1,0
77,139,0,0,0,1,1
77,140,0,1,1,1,0
77,95076,1,1,0,1,1
77,94745,0,0,1,0,1
77,139,1,1,1,1,0
77,95507,1,0,0,1,0
77,93150,0,1,0,0,1
77,139,1,1,1,1,0
77,93768,1,1,0,0,0
77,94986,0,0,1,0,1
77,93773,0,1,0,1,1
77,93340,0,1,0,1,1
77,138,0,0,0,0,0
77,188293,1,0,0,1,1
77,94403,0,0,1,0,1
77,188361,1,0,1,1,1
77,139,0,0,0,0,0
77,94227,0,1,0,0,0
77,188470,0,1,1,1,1
77,133,0,0,0,1,1
77,189189,1,0,0,1,1
77,189124,0,1,1,1,1
78,141,1,0,0,0,0
78,132,0,0,1,1,0
78,139,0,0,1,1,0
78,139,0,1,0,1,0
78,139,1,0,0,0,0
78,140,0,1,0,1,0
78,97523,0,1,0,0,1
78,192706,1,0,0,1,1
78,191413,1,1,0,0,1
78,95842,0,0,1,1,1
78,139,0,0,0,1,1
78,139,1,1,1,1,1
78,95671,1,0,1,0,1
78,191739,1,0,0,1,1
78,95559,0,1,0,0,1
78,191666,1,0,0,1,1
78,95216,1,0,0,1,0
78,192845,0,1,1,0,0
78,191298,0,1,1,1,1
78,95288,1,1,0,0,0
78,95514,0,0,1,0,0
78,192091,1,0,1,1,0
78,192527,1,0,1,1,1
78,191282,1,0,1,1,0
78,191782,1,1,0,0,1
78,94847,0,1,0,0,1
78,192153,1,1,0,0,1
78,96451,0,1,0,1,1
78,95902,0,1,0,1,1
78,190371,0,0,0,0,1
78,95474,0,0,1,0,1
78,140,0,0,0,0,0
79,195880,1,1,0,0,1
79,194321,0,0,0,1,0
79,96512,0,1,0,1,1
79,97055,0,1,0,0,0
79,137,0,0,1,1,0
79,193635,0,1,1,0,0
79,96146,0,0,1,0,0
79,97256,0,0,1,1,1
79,96925,1,1,0,0,0
79,122,1,0,0,0,0
79,141,0,1,0,1,0
79,192794,0,1,1,0,0
79,191456,1,0,1,1,1
79,139,0,0,0,0,0
79,194545,0,1,1,1,1
79,140,1,1,1,0,1
79,193876,0,1,1,1,1
79,95737,1,1,0,0,0
79,139,0,0,0,0,0
79,140,0,1,1,0,1
79,193210,1,1,1,0,0
79,97371,0,0,1,0,1
79,97802,1,0,1,0,1
79,97083,1,1,0,0,0
79,140,0,1,1,1,0
79,139,0,0,0,1,1
79,139,0,1,1,1,0
79,193310,1,1,0,0,1
79,139,1,1,1,1,1
79,140,0,1,1,1,0
79,138,0,1,1,0,1
79,97469,1,1,0,1,1
80,139,0,0,0,1,1
80,98944,0,0,1,0,1
80,97670,1,1,0,0,0
80,97877,1,0,1,0,1
80,196501,1,1,1,0,0
80,195884,0,1,1,1,1
80,140,0,1,1,1,0
80,194825,0,0,0,1,0
80,195515,1,0,1,1,0
80,98437,0,1,0,1,1
80,96844,1,0,1,0,1
80,139,0,0,0,1,1
80,136,0,0,0,0,0
80,139,0,1,1,1,0
80,196412,0,1,1,0,0
80,98713,0,1,0,1,1
80,139,1,1,1,0,1
80,143,0,0,1,1,0
80,196193,0,1,1,1,1
80,97182,0,1,0,0,1
80,97517,0,1,0,0,0
80,99281,0,1,0,1,1
80,197327,1,0,0,1,1
80,196862,0,1,1,0,0
80,98805,1,1,0,1,1
80,131,0,1,0,1,0
80,97198,1,1,0,1,1
80,196918,1,1,0,0,1
80,98641,0,0,1,0,1
80,97469,0,1,0,0,0
80,195404,1,0,1,0,0
80,136,0,1,1,0,1
81,199446,1,0,0,0,1
81,139,0,0,0,1,1
81,198155,1,1,0,0,1
81,198045,0,0,0,0,1
81,189473,0,0,0,0,1
81,130,0,0,0,0,0
81,94655,0,1,0,1,1
81,95033,0,0,1,1,1
81,185916,0,1,1,0,0
81,188919,1,0,1,0,0
81,137,0,1,1,1,0
81,131,1,1,1,1,1
81,139,1,1,1,1,1
81,95652,0,1,0,1,1
81,198141,1,0,1,1,1
81,98069,1,0,1,0,1
81,98441,1,1,0,1,1
81,200027,1,0,0,0,1
81,98223,0,0,1,1,1
81,139,1,1,1,0,1
81,139,0,0,0,0,0
81,139,0,1,0,1,0
81,139,0,1,0,1,0
81,199795,1,1,1,0,0
81,98337,1,1,0,0,0
81,139,1,1,1,1,0
81,200896,0,1,1,0,0
81,199707,1,0,0,0,1
81,100259,0,0,1,1,1
81,199734,1,0,0,0,1
81,198938,0,0,0,0,1
81,199663,0,1,1,0,0
82,100353,0,1,0,0,0
82,130,1,0,0,0,0
82,100733,0,1,0,0,1
82,202143,0,1,1,0,0
82,137,0,1,1,1,0
82,100926,1,0,1,0,1
82,100977,1,1,0,1,0
82,100766,0,1,0,1,1
82,201883,1,0,1,0,0
82,200267,0,0,0,1,0
82,99876,0,0,1,0,1
82,139,0,1,1,1,0
82,139,1,1,1,0,1
82,201572,0,1,1,0,0
82,199842,1,0,0,0,1
82,201689,1,0,1,0,0
82,201535,1,1,1,0,0
82,201604,1,0,0,0,1
82,99874,0,1,0,1,1
82,199168,1,0,1,1,0
82,139,0,1,1,1,0
82,201952,0,0,0,1,0
82,140,0,0,0,0,0
82,101118,0,0,1,0,1
82,100708,0,0,1,1,1
82,137,1,1,1,1,1
82,139,0,0,0,0,0
82,139,0,0,0,0,0
82,139,0,0,1,1,0
82,201817,1,0,1,0,0
82,99154,0,0,1,0,1
82,100467,1,1,0,1,0
83,102428,0,1,0,0,0
83,101887,0,0,1,1,1
83,101087,1,0,0,1,0
83,139,0,1,0,1,0
83,204784,1,0,1,1,1
83,139,1,0,0,0,0
83,203507,1,1,0,0,1
83,202252,1,0,0,0,1
83,140,1,1,1,0,1
83,202874,1,0,1,0,0
83,101611,1,1,0,1,0
83,202672,1,0,1,0,0
83,139,0,1,1,1,0
83,102119,1,1,0,0,0
83,101879,0,0,1,1,1
83,139,1,1,1,1,1
83,139,1,1,1,0,1
83,203801,1,0,1,1,0
83,102437,1,0,0,1,0
83,140,0,1,1,0,1
83,203412,1,0,0,1,1
83,101775,1,1,0,1,0
83,202423,1,1,1,0,0
83,108,0,1,1,1,0
83,139,0,0,0,1,1
83,101950,1,1,0,0,0
83,100552,1,0,1,0,1
83,203426,1,0,0,0,1
83,102453,1,0,1,0,1
83,102945,0,1,0,0,0
83,139,0,0,0,0,0
83,203702,1,0,0,0,1
84,137,1,0,0,0,0
84,104167,0,1,0,1,1
84,139,0,1,1,0,1
84,109,0,0,1,1,0
84,140,0,1,1,1,0
84,139,0,1,0,1,0
84,103374,0,1,0,0,1
84,102275,0,0,1,0,0
84,102034,0,1,0,0,0
84,139,0,0,0,1,1
84,139,0,0,0,0,0
84,207242,1,1,0,0,1
84,102030,0,0,1,1,1
84,139,1,1,1,1,1
84,104049,1,1,0,1,1
84,139,1,0,0,0,0
84,206540,0,0,0,0,1
84,205398,1,1,1,0,0
84,204463,0,0,0,0,1
84,205881,1,0,0,0,1
84,139,0,0,0,0,0
84,102791,1,1,0,1,1
84,207858,1,0,1,1,0
84,103146,1,1,0,1,0
84,102063,1,1,0,0,0
84,104612,0,1,0,1,1
84,103003,1,0,0,1,0
84,207092,1,0,0,1,1
84,139,0,1,0,1,0
84,139,1,1,1,0,1
84,103614,0,0,1,0,0
84,103587,0,1,0,0,0
85,104260,0,0,1,0,1
85,139,1,1,1,0,1
85,104314,0,1,0,0,1
85,102444,1,0,1,0,1
85,103299,1,1,0,1,0
85,137,1,1,1,1,1
85,209358,1,0,1,0,0
85,208150,1,0,0,0,1
85,139,1,0,0,0,0
85,103676,0,1,0,1,1
85,104338,1,0,1,0,1
85,103713,1,1,0,0,0
85,102959,0,0,1,0,1
85,104365,0,1,0,1,1
85,104381,1,0,0,1,0
85,104179,0,1,0,0,1
85,139,0,0,0,1,1
85,126,0,0,1,1,0
85,210023,1,0,1,1,0
85,139,1,1,1,1,1
85,207777,1,0,1,1,1
85,104729,1,1,0,0,0
85,103068,1,0,0,1,0
85,208908,1,1,1,0,0
85,139,1,0,0,0,0
85,139,1,1,1,0,1
85,139,0,0,1,1,0
85,209059,0,0,0,1,0
85,103453,1,0,1,0,1
85,103448,0,1,0,1,1
85,209481,1,0,1,1,0
85,103965,1,1,0,1,0
86,105599,0,0,1,0,0
86,105486,1,1,0,0,0
86,106431,1,1,0,1,0
86,209967,0,0,0,1,0
86,139,0,0,1,1,0
86,211974,0,0,0,1,0
86,140,1,1,1,0,1
86,106283,1,0,0,1,0
86,139,0,1,1,1,0
86,139,0,1,1,1,0
86,211130,1,0,0,0,1
86,210002,0,0,0,1,0
86,211256,1,1,1,0,0
86,211111,0,0,0,0,1
86,210427,0,0,0,1,0
86,105447,1,1,0,1,0
86,210949,1,0,0,0,1
86,105953,1,0,0,1,0
86,209902,1,0,0,0,1
86,104953,1,0,1,0,1
86,212038,1,0,1,1,1
86,105995,1,0,0,1,0
86,139,0,0,1,1,0
86,105764,0,1,0,0,0
86,105192,1,0,0,1,0
86,209602,0,0,0,1,0
86,211908,1,0,0,0,1
86,212176,1,0,1,1,0
86,139,0,0,1,1,0
86,139,0,0,0,0,0
86,105419,1,1,0,1,1
86,139,1,1,1,1,0
87,106651,1,0,1,0,1
87,106539,0,1,0,0,1
87,215203,1,0,1,1,0
87,139,1,1,1,1,1
87,139,1,1,1,1,0
87,140,1,1,1,1,1
87,136,0,0,1,1,0
87,213904,1,0,0,1,1
87,137,1,1,1,1,0
87,107449,0,0,1,0,1
87,106458,0,1,0,0,1
87,139,1,1,1,0,1
87,139,1,1,1,1,0
87,214642,1,0,1,1,1
87,106705,0,1,0,0,0
87,139,0,1,1,0,1
87,108095,1,1,0,0,0
87,108351,0,1,0,0,1
87,137,1,1,1,0,1
87,214305,1,0,0,1,1
87,140,0,1,0,1,0
87,106336,0,0,1,0,0
87,107624,1,0,1,0,1
87,213646,1,0,1,1,1
87,213902,0,1,1,1,1
87,214394,1,1,0,0,1
87,106470,1,1,0,1,1
87,139,0,1,0,1,0
87,107264,0,0,1,0,1
87,140,0,1,1,0,1
87,214582,1,0,0,0,1
87,106096,1,1,0,0,0
88,107882,0,1,0,1,1
88,215937,0,0,0,0,1
88,137,1,1,1,1,1
88,139,0,0,1,1,0
88,107874,0,1,0,0,0
88,139,0,0,1,1,0
88,204568,0,0,0,1,0
88,102159,0,0,1,0,0
88,129,1,1,1,1,1
88,209282,0,0,0,1,0
88,215252,0,0,0,1,0
88,131,0,0,0,1,1
88,201110,1,0,1,1,0
88,107635,1,1,0,1,1
88,105649,0,1,0,0,1
88,139,1,1,1,1,0
88,109640,1,0,0,1,0
88,215281,0,0,0,0,1
88,139,0,1,1,1,0
88,139,1,1,1,1,1
88,214657,1,0,1,1,0
88,215248,1,1,1,0,0
88,108280,0,0,1,0,0
88,107565,0,0,1,0,1
88,139,1,1,1,1,1
88,139,1,0,0,0,0
88,216881,1,1,0,0,1
88,120,0,1,1,1,0
88,216559,1,0,1,1,1
88,107524,1,1,0,0,0
88,217107,1,0,0,1,1
88,136,1,0,0,0,0
89,220959,1,0,0,1,1
89,109045,1,0,1,0,1
89,218398,1,0,0,0,1
89,139,0,0,0,0,0
89,110000,0,0,1,0,1
89,220635,0,1,1,0,0
89,139,1,1,1,1,0
89,109247,1,1,0,1,1
89,139,0,1,0,1,0
89,109459,0,1,0,0,0
89,218884,1,0,0,1,1
89,139,0,1,1,1,0
89,220123,0,0,0,0,1
89,218744,0,1,1,1,1
89,139,0,0,0,0,0
89,219532,0,0,0,0,1
89,109751,1,0,0,1,0
89,131,1,1,1,0,1
89,110251,1,0,0,1,0
89,108414,0,0,1,1,1
89,140,1,1,1,0,1
89,217289,1,0,0,1,1
89,139,0,0,0,1,1
89,219262,0,0,0,0,1
89,214205,0,1,1,1,1
89,105682,0,0,1,0,1
89,140,1,1,1,1,0
89,108964,0,1,0,0,0
89,220316,1,0,1,1,1
89,109108,0,0,1,0,0
89,109662,1,1,0,0,0
89,218254,1,1,1,0,0
90,221379,1,0,1,0,0
90,109809,0,0,1,0,0
90,139,1,1,1,0,1
90,221240,1,0,1,0,0
90,139,0,1,1,1,0
90,139,0,0,0,0,0
90,220868,1,1,1,0,0
90,139,0,1,1,0,1
90,220243,0,1,1,1,1
90,138,0,1,0,1,0
90,111286,0,1,0,0,0
90,109407,0,0,1,0,1
90,109809,1,0,1,0,1
90,139,1,0,0,0,0
90,139,1,1,1,1,0
90,220154,1,0,1,1,1
90,136,0,0,0,1,1
90,139,1,1,1,0,1
90,139,1,1,1,0,1
90,139,1,1,1,0,1
90,139,0,1,1,1,0
90,110340,0,0,1,1,1
90,139,0,1,0,1,0
90,221456,1,0,0,1,1
90,221023,1,0,1,0,0
90,220591,1,0,0,1,1
90,110726,1,1,0,0,0
90,141,0,0,0,0,0
90,111226,0,1,0,0,1
90,221369,0,0,0,0,1
90,111578,0,1,0,1,1
90,222195,1,0,1,0,0
91,111632,0,0,1,0,0
91,223162,0,0,0,1,0
91,139,1,1,1,1,1
91,139,0,1,0,1,0
91,223040,1,0,1,1,1
91,140,1,1,1,1,0
91,110950,1,1,0,1,0
91,225122,1,1,0,0,1
91,112959,0,1,0,0,1
91,222009,1,0,1,0,0
91,222868,0,0,0,1,0
91,139,0,1,0,1,0
91,110347,0,0,1,0,0
91,140,0,0,0,1,1
91,224398,1,1,0,0,1
91,139,1,0,0,0,0
91,223432,0,1,1,1,1
91,110904,0,0,1,0,0
91,223230,1,0,1,0,0
91,117,0,0,1,1,0
91,111841,0,0,1,1,1
91,223167,1,0,1,1,1
91,139,0,1,1,1,0
91,225067,1,0,1,1,1
91,111613,1,0,0,1,0
91,224501,1,0,1,1,1
91,138,0,0,0,0,0
91,225814,0,1,1,1,1
91,223218,1,1,1,0,0
91,225292,1,0,1,1,1
91,139,0,1,1,1,0
91,111756,0,1,0,1,1
92,113837,0,1,0,0,0
92,226368,1,0,0,1,1
92,226687,1,0,1,1,0
92,114183,0,0,1,0,0
92,113169,0,0,1,0,0
92,228717,1,0,1,1,0
92,113607,1,0,0,1,0
92,112967,0,0,1,1,1
92,139,0,0,0,0,0
92,139,1,1,1,0,1
92,113125,0,1,0,0,0
92,139,0,0,0,0,0
92,114154,0,0,1,0,1
92,139,0,1,1,0,1
92,139,1,0,0,0,0
92,226957,0,0,0,1,0
92,139,0,0,1,1,0
92,140,1,1,1,1,1
92,226712,1,0,0,0,1
92,139,0,1,1,1,0
92,113431,0,1,0,1,1
92,227484,1,0,1,1,1
92,112700,1,1,0,1,1
92,139,0,1,1,0,1
92,113798,1,0,0,1,0
92,112305,0,0,1,1,1
92,225702,0,1,1,0,0
92,139,1,1,1,0,1
92,112682,1,1,0,1,0
92,111936,0,0,1,0,0
92,114356,0,0,1,1,1
92,139,1,1,1,1,1
93,140,1,1,1,1,1
93,139,1,0,0,0,0
93,137,1,1,1,0,1
93,139,0,0,0,1,1
93,227866,1,1,0,0,1
93,228893,0,1,1,0,0
93,139,0,1,0,1,0
93,114279,1,1,0,0,0
93,227992,0,0,0,0,1
93,229405,0,0,0,1,0
93,139,1,1,1,0,1
93,139,0,0,1,1,0
93,114959,0,1,0,0,0
93,137,1,1,1,1,0
93,226789,1,0,1,0,0
93,139,0,1,0,1,0
93,114236,0,0,1,0,1
93,227289,0,1,1,1,1
93,114513,0,1,0,1,1
93,136,1,1,1,1,1
93,114678,1,1,0,1,0
93,228966,1,0,0,1,1
93,139,1,1,1,1,0
93,140,0,0,1,1,0
93,139,0,1,1,0,1
93,139,1,1,1,0,1
93,225552,0,1,1,1,1
93,114092,1,0,1,0,1
93,114850,0,0,1,0,0
93,139,0,0,1,1,0
93,228559,1,1,1,0,0
93,223019,1,0,1,0,0
94,230762,0,1,1,0,0
94,117080,1,1,0,1,0
94,114629,1,1,0,0,0
94,114902,0,0,1,1,1
94,231136,1,1,0,0,1
94,228863,1,0,1,0,0
94,115795,0,0,1,0,0
94,115167,0,1,0,0,1
94,139,1,0,0,0,0
94,229927,0,0,0,0,1
94,139,0,1,1,0,1
94,139,1,1,1,1,1
94,232617,1,0,0,0,1
94,138,0,1,1,1,0
94,139,0,0,1,1,0
94,230898,1,0,0,0,1
94,229421,0,0,0,0,1
94,115480,1,1,0,0,0
94,232755,1,1,1,0,0
94,114604,0,0,1,0,0
94,116181,1,0,0,1,0
94,229926,1,1,0,0,1
94,139,0,0,0,0,0
94,232164,1,0,1,1,0
94,115,0,1,1,1,0
94,231777,0,0,0,1,0
94,229818,0,1,1,1,1
94,116499,1,0,1,0,1
94,115822,1,0,0,1,0
94,140,0,1,1,1,0
94,140,1,1,1,1,0
94,139,1,1,1,1,1
95,137,0,1,1,0,1
95,234655,0,0,0,0,1
95,117914,0,1,0,0,0
95,233666,0,0,0,1,0
95,116871,0,1,0,0,1
95,233083,1,0,0,0,1
95,234118,1,0,1,1,1
95,116271,0,1,0,0,1
95,233378,1,0,1,1,1
95,139,0,1,0,1,0
95,233914,1,0,0,1,1
95,232544,1,1,1,0,0
95,117445,0,1,0,0,0
95,116651,0,0,1,0,1
95,140,0,0,0,0,0
95,139,0,0,0,1,1
95,235526,0,1,1,0,0
95,138,0,0,0,0,0
95,116663,1,0,0,1,0
95,139,0,0,1,1,0
95,233786,0,0,0,1,0
95,232966,1,0,0,0,1
95,232611,0,0,0,1,0
95,233949,0,1,1,0,0
95,139,1,0,0,0,0
95,117060,0,0,1,0,1
95,140,0,1,0,1,0
95,115672,1,0,0,1,0
95,117481,1,1,0,1,0
95,234040,1,0,1,1,0
95,140,0,1,1,0,1
95,116887,0,1,0,1,1
96,235752,1,0,0,1,1
96,237097,1,0,1,1,0
96,140,0,0,0,1,1
96,236950,1,0,0,1,1
96,118031,0,0,1,0,0
96,235480,0,1,1,0,0
96,137,1,1,1,0,1
96,138,0,0,0,1,1
96,139,0,1,0,1,0
96,136,0,0,0,1,1
96,139,0,1,1,1,0
96,236796,1,0,1,1,0
96,139,1,1,1,1,0
96,139,1,1,1,1,1
96,139,1,1,1,1,0
96,139,0,0,0,1,1
96,236474,1,1,1,0,0
96,117295,1,1,0,1,0
96,139,0,1,1,0,1
96,118701,0,1,0,1,1
96,235799,1,1,1,0,0
96,236366,0,1,1,0,0
96,118056,0,1,0,1,1
96,118072,0,0,1,0,1
96,234442,0,1,1,1,1
96,235872,0,1,1,1,1
96,235607,0,0,0,0,1
96,139,1,1,1,0,1
96,117248,0,0,1,1,1
96,234923,1,0,0,1,1
96,140,0,0,1,1,0
96,236694,0,0,0,1,0
97,139,0,1,1,0,1
97,120472,0,0,1,1,1
97,139,1,1,1,0,1
97,118611,0,1,0,0,0
97,239227,0,1,1,0,0
97,240531,0,1,1,1,1
97,119926,0,0,1,0,0
97,119084,1,1,0,1,1
97,110223,0,0,1,0,0
97,117587,0,1,0,0,0
97,119745,0,0,1,0,0
97,138,0,0,0,0,0
97,139,1,1,1,1,1
97,128956,1,1,0,1,1
97,133745,0,0,1,0,0
97,136381,0,1,0,1,1
97,166,1,0,0,0,0
97,259513,1,1,0,0,1
97,135747,0,1,0,0,0
97,134029,0,0,1,1,1
97,138197,1,0,1,0,1
97,165,1,1,1,1,0
97,164,1,1,1,0,1
97,273756,1,0,0,0,1
97,272561,1,1,0,0,1
97,272117,1,0,1,1,1
97,273327,1,0,1,1,1
97,134738,0,0,1,0,1
97,164,1,1,1,1,1
97,134283,1,0,0,1,0
97,163,0,0,0,0,0
97,164,0,1,1,0,1
98,272227,1,0,1,0,0
98,164,0,0,1,1,0
98,277374,1,1,1,0,0
98,275989,1,0,0,0,1
98,277693,0,0,0,0,1
98,274516,1,1,0,0,1
98,164,0,1,0,1,0
98,138049,1,1,0,0,0
98,281525,1,0,1,1,1
98,274192,1,1,1,0,0
98,273569,1,0,0,1,1
98,165,1,1,1,1,1
98,163,0,0,0,0,0
98,276578,1,0,1,1,1
98,164,1,1,1,1,0
98,280024,1,0,0,0,1
98,164,0,1,1,1,0
98,276439,0,0,0,0,1
98,277649,1,1,1,0,0
98,138093,1,0,0,1,0
98,164,0,1,0,1,0
98,134482,0,1,0,0,1
98,164,1,1,1,1,0
98,273406,1,0,0,1,1
98,158,0,0,0,1,1
98,164,0,0,1,1,0
98,264630,1,0,1,1,1
98,138349,1,1,0,0,0
98,138103,1,1,0,0,0
98,276658,0,1,1,0,0
98,164,0,0,0,1,1
98,164,1,1,1,0,1
99,167,0,0,0,0,0
99,276417,1,0,1,0,0
99,164,0,0,1,1,0
99,140112,1,1,0,0,0
99,275641,0,0,0,0,1
99,275513,1,0,0,1,1
99,136642,1,0,1,0,1
99,138116,0,1,0,0,0
99,274570,0,1,1,1,1
99,275627,1,1,0,0,1
99,136418,0,0,1,1,1
99,164,1,1,1,1,0
99,141916,0,1,0,1,1
99,141072,1,1,0,1,0
99,277058,1,0,1,1,1
99,135155,1,1,0,1,1
99,136095,0,0,1,1,1
99,273805,0,0,0,0,1
99,136563,1,0,1,0,1
99,164,0,1,0,1,0
99,277860,1,1,0,0,1
99,276869,0,1,1,1,1
99,141939,1,0,1,0,1
99,136730,0,0,1,0,1
99,275684,0,0,0,1,0
99,138070,0,0,1,0,0
99,139975,1,0,0,1,0
99,137846,1,1,0,0,0
99,277284,1,0,1,1,1
99,274432,0,0,0,1,0
99,164,1,1,1,0,1
99,137454,0,0,1,0,1
100,140395,0,0,1,1,1
100,283263,1,0,1,1,0
100,164,0,0,1,1,0
100,140895,1,1,0,1,0
100,280973,1,0,0,0,1
100,140017,1,0,0,1,0
100,164,0,0,1,1,0
100,143343,0,1,0,0,1
100,164,0,0,1,1,0
100,141333,0,0,1,1,1
100,138809,0,1,0,0,0
100,139479,1,1,0,1,0
100,138336,0,1,0,0,0
100,164,0,0,1,1,0
100,164,1,0,0,0,0
100,285617,0,0,0,1,0
100,279170,0,0,0,1,0
100,164,1,1,1,1,1
100,280627,1,0,1,1,0
100,282920,0,0,0,1,0
100,279922,0,0,0,0,1
100,140907,1,1,0,0,0
100,164,0,0,1,1,0
100,164,0,0,1,1,0
100,142266,0,0,1,1,1
100,140340,1,0,0,1,0
100,163,0,0,0,0,0
100,164,0,1,0,1,0
100,140021,0,1,0,0,1
100,278616,1,0,1,0,0
100,281344,1,0,1,0,0
100,281988,1,0,0,1,1