id,size,mean,f0,f1,f2,f3,f4
1,1,2502,1,0,1,0,0
2,1,1315,0,0,1,0,0
3,1,1075,0,0,1,0,1
4,1,2240,1,0,1,0,0
5,1,139,0,1,1,0,1
6,1,1294,0,0,1,1,1
7,1,1228,0,1,0,0,1
8,1,1137,0,0,1,0,0
9,1,2336,1,0,1,1,1
10,1,2405,1,0,1,1,1
11,1,2467,0,0,0,0,1
12,1,2350,1,0,0,1,1
13,1,2398,1,1,0,0,1
14,1,1052,1,0,0,1,0
15,1,2136,1,0,1,0,0
16,1,2211,0,0,0,1,0
17,1,2168,0,0,0,1,0
18,1,2233,1,1,0,0,1
19,1,129,0,0,0,0,0
20,1,140,0,1,1,0,1
21,1,1059,0,1,0,0,1
22,1,1071,1,0,0,1,0
23,1,1161,0,0,1,0,0
24,1,1116,1,1,0,1,0
25,1,1107,1,0,1,0,1
26,1,2283,0,0,0,0,1
27,1,1243,0,0,1,0,0
28,1,140,0,0,0,1,1
29,1,1313,0,1,0,0,1
30,1,2150,0,0,0,0,1
31,1,139,0,1,1,1,0
32,1,2206,1,0,1,1,0
33,2,108,0,0,0,1,1
34,2,4634,1,0,0,1,1
35,2,2123,0,0,1,0,0
36,2,132,1,1,1,1,1
37,2,104,0,1,0,1,0
38,2,4476,1,0,1,0,0
39,2,4664,0,0,0,0,1
40,2,140,1,1,1,0,1
41,2,2106,1,1,0,1,0
42,2,129,0,1,1,0,1
43,2,2081,0,0,1,0,1
44,2,108,1,1,1,1,1
45,2,127,0,1,1,0,1
46,2,130,1,1,1,1,0
47,2,2134,0,0,1,1,1
48,2,2511,1,0,0,1,0
49,2,132,0,0,1,1,0
50,2,113,1,1,1,0,1
51,2,2433,1,0,1,0,1
52,2,2333,1,0,1,0,1
53,2,2378,1,0,1,0,1
54,2,4801,1,0,0,1,1
55,2,108,0,0,0,1,1
56,2,117,0,0,0,1,1
57,2,4584,1,0,1,0,0
58,2,139,1,1,1,1,1
59,2,2533,0,0,1,1,1
60,2,141,1,1,1,1,1
61,2,139,0,1,1,1,0
62,2,4713,1,1,1,0,0
63,2,2301,1,1,0,1,0
64,2,131,0,1,1,0,1
65,3,3295,0,1,0,1,1
66,3,3611,0,0,1,0,0
67,3,3379,1,1,0,0,0
68,3,130,0,1,0,1,0
69,3,7359,1,1,1,0,0
70,3,3459,0,1,0,1,1
71,3,6984,1,0,0,1,1
72,3,3370,0,0,1,1,1
73,3,6653,1,1,0,0,1
74,3,6538,1,1,1,0,0
75,3,109,0,0,0,0,0
76,3,7229,1,0,1,1,1
77,3,139,0,1,0,1,0
78,3,139,0,0,1,1,0
79,3,139,0,0,0,1,1
80,3,3437,0,1,0,0,1
81,3,130,1,1,1,1,0
82,3,139,1,1,1,1,0
83,3,139,1,1,1,0,1
84,3,108,1,0,0,0,0
85,3,3159,1,0,0,1,0
86,3,139,0,0,1,1,0
87,3,6631,0,1,1,0,0
88,3,3707,0,1,0,0,1
89,3,3475,1,1,0,1,0
90,3,107,0,1,1,0,1
91,3,6760,1,0,0,1,1
92,3,3387,0,0,1,0,0
93,3,3514,0,1,0,0,1
94,3,3597,0,0,1,1,1
95,3,7075,1,1,1,0,0
96,3,129,1,1,1,1,0
97,4,8773,1,0,0,0,1
98,4,4750,0,0,1,1,1
99,4,130,1,1,1,1,0
100,4,137,0,1,1,0,1
101,4,139,0,0,1,1,0
102,4,4544,1,1,0,0,0
103,4,130,0,0,1,1,0
104,4,4712,1,1,0,1,1
105,4,141,0,1,0,1,0
106,4,9611,0,0,0,1,0
107,4,4615,1,1,0,0,0
108,4,130,1,1,1,1,0
109,4,125,0,0,0,0,0
110,4,9436,0,0,0,1,0
111,4,4581,1,1,0,0,0
112,4,140,1,1,1,1,1
113,4,9558,1,0,1,1,1
114,4,9296,0,0,0,1,0
115,4,4457,1,1,0,0,0
116,4,139,0,1,0,1,0
117,4,4933,0,0,1,0,1
118,4,9535,1,1,1,0,0
119,4,9494,1,1,1,0,0
120,4,9545,1,0,1,1,1
121,4,130,0,0,0,0,0
122,4,4631,0,1,0,0,1
123,4,9468,1,0,0,1,1
124,4,139,1,1,1,0,1
125,4,139,0,1,0,1,0
126,4,139,1,0,0,0,0
127,4,9619,1,0,1,1,0
128,4,4745,1,0,0,1,0
129,5,11886,1,0,1,1,1
130,5,139,1,1,1,0,1
131,5,11813,1,0,1,1,0
132,5,5866,0,0,1,1,1
133,5,139,1,1,1,1,0
134,5,11806,1,1,0,0,1
135,5,139,1,1,1,0,1
136,5,5795,1,0,0,1,0
137,5,130,1,0,0,0,0
138,5,114,0,1,0,1,0
139,5,108,1,0,0,0,0
140,5,5964,0,1,0,0,0
141,5,139,0,0,0,0,0
142,5,5860,0,1,0,0,0
143,5,11574,1,1,1,0,0
144,5,6121,1,1,0,1,1
145,5,140,1,0,0,0,0
146,5,5964,1,0,0,1,0
147,5,5867,0,0,1,0,1
148,5,5742,1,1,0,1,0
149,5,129,0,0,1,1,0
150,5,130,0,0,1,1,0
151,5,11779,0,1,1,0,0
152,5,5904,0,1,0,0,1
153,5,11760,1,1,1,0,0
154,5,109,1,1,1,0,1
155,5,6175,1,1,0,0,0
156,5,139,0,1,0,1,0
157,5,5701,1,0,1,0,1
158,5,11679,1,0,1,1,1
159,5,5604,0,1,0,1,1
160,5,5507,0,1,0,0,0
161,6,6912,1,1,0,1,1
162,6,14178,1,0,0,0,1
163,6,13975,1,0,0,1,1
164,6,7236,1,0,0,1,0
165,6,139,1,0,0,0,0
166,6,14426,1,0,0,1,1
167,6,14460,0,0,0,0,1
168,6,6905,1,1,0,1,1
169,6,130,1,1,1,0,1
170,6,14170,0,1,1,1,1
171,6,14429,1,0,1,1,1
172,6,13903,1,0,1,0,0
173,6,7006,1,0,0,1,0
174,6,129,0,1,1,1,0
175,6,130,1,1,1,1,1
176,6,105,0,1,0,1,0
177,6,14145,0,0,0,0,1
178,6,6788,1,1,0,1,0
179,6,14392,0,1,1,1,1
180,6,14428,1,0,1,1,1
181,6,139,1,0,0,0,0
182,6,14068,1,0,0,1,1
183,6,14266,0,0,0,1,0
184,6,6971,0,1,0,0,0
185,6,13792,0,0,0,1,0
186,6,7110,1,1,0,1,1
187,6,139,1,0,0,0,0
188,6,7057,0,0,1,1,1
189,6,7008,0,0,1,0,0
190,6,14187,1,0,0,1,1
191,6,14309,1,0,0,0,1
192,6,7164,1,1,0,1,1
193,7,8046,0,0,1,0,1
194,7,139,1,1,1,1,0
195,7,139,0,1,1,0,1
196,7,16972,0,1,1,1,1
197,7,8347,1,0,1,0,1
198,7,8153,0,0,1,0,0
199,7,17103,1,1,0,0,1
200,7,139,1,0,0,0,0
201,7,138,0,0,0,1,1
202,7,16318,1,0,1,1,1
203,7,8480,0,0,1,0,1
204,7,15727,1,1,1,0,0
205,7,16369,1,0,1,1,1
206,7,16722,1,0,0,0,1
207,7,7819,1,0,0,1,0
208,7,16264,1,0,1,1,1
209,7,117,1,1,1,1,1
210,7,16448,0,0,0,1,0
211,7,7906,0,1,0,0,0
212,7,8567,0,1,0,1,1
213,7,8787,0,1,0,0,1
214,7,8118,0,0,1,1,1
215,7,8446,1,1,0,0,0
216,7,105,0,0,0,0,0
217,7,7681,1,1,0,0,0
218,7,133,0,1,1,1,0
219,7,16080,0,1,1,0,0
220,7,107,1,1,1,1,0
221,7,16546,1,0,0,0,1
222,7,7966,0,0,1,0,1
223,7,8043,1,0,0,1,0
224,7,17662,0,1,1,1,1
225,8,9005,0,0,1,0,0
226,8,8802,1,1,0,1,0
227,8,129,0,0,0,0,0
228,8,9426,0,1,0,1,1
229,8,9066,1,1,0,1,1
230,8,10062,1,1,0,1,1
231,8,17004,0,0,0,0,1
232,8,18408,0,1,1,1,1
233,8,17821,1,1,0,0,1
234,8,18261,1,0,1,1,1
235,8,131,0,1,0,1,0
236,8,18697,1,1,0,0,1
237,8,139,1,1,1,0,1
238,8,18270,1,0,0,0,1
239,8,8958,0,1,0,1,1
240,8,18480,0,1,1,0,0
241,8,104,1,0,0,0,0
242,8,18490,1,1,1,0,0
243,8,139,0,0,0,1,1
244,8,9387,1,1,0,0,0
245,8,18956,1,0,1,1,1
246,8,9643,1,0,1,0,1
247,8,139,1,1,1,1,0
248,8,139,1,1,1,0,1
249,8,18453,1,0,1,0,0
250,8,112,0,0,0,0,0
251,8,19414,0,1,1,0,0
252,8,139,0,0,1,1,0
253,8,9719,1,1,0,0,0
254,8,9249,0,0,1,0,1
255,8,115,1,1,1,1,0
256,8,139,0,0,0,1,1
257,9,10564,1,1,0,1,0
258,9,10455,1,1,0,1,1
259,9,139,0,0,0,0,0
260,9,10035,0,0,1,0,0
261,9,139,0,0,0,1,1
262,9,21324,1,0,0,0,1
263,9,11168,0,0,1,0,0
264,9,20941,1,0,1,0,0
265,9,10072,1,1,0,0,0
266,9,10382,1,0,0,1,0
267,9,10609,0,0,1,0,1
268,9,107,1,1,1,0,1
269,9,139,0,1,1,0,1
270,9,21981,1,0,1,1,0
271,9,21150,0,0,0,0,1
272,9,10134,0,1,0,1,1
273,9,111,0,0,1,1,0
274,9,9901,1,0,0,1,0
275,9,139,0,0,0,1,1
276,9,139,0,0,0,1,1
277,9,10831,0,1,0,1,1
278,9,21921,1,0,1,1,1
279,9,10556,0,0,1,1,1
280,9,21570,1,0,1,1,0
281,9,10293,0,0,1,0,1
282,9,141,0,0,1,1,0
283,9,139,1,1,1,0,1
284,9,139,0,1,1,0,1
285,9,22091,1,0,0,1,1
286,9,139,1,1,1,1,1
287,9,10565,0,1,0,0,0
288,9,21851,1,0,0,1,1
289,10,24548,1,1,0,0,1
290,10,12259,1,0,0,1,0
291,10,130,1,1,1,1,1
292,10,139,0,1,1,1,0
293,10,12191,0,0,1,0,1
294,10,11702,1,0,0,1,0
295,10,24472,1,0,0,1,1
296,10,139,1,0,0,0,0
297,10,139,1,1,1,1,0
298,10,25161,1,0,1,0,0
299,10,12363,0,1,0,0,1
300,10,24248,0,0,0,0,1
301,10,11632,1,0,1,0,1
302,10,11669,1,1,0,1,1
303,10,23803,1,0,1,1,1
304,10,11399,0,1,0,1,1
305,10,23533,0,1,1,0,0
306,10,11793,1,1,0,1,0
307,10,106,1,1,1,0,1
308,10,24594,1,0,1,1,0
309,10,24246,0,0,0,0,1
310,10,139,0,1,0,1,0
311,10,24610,1,1,0,0,1
312,10,139,0,1,1,1,0
313,10,22893,1,0,1,1,1
314,10,131,1,1,1,1,1
315,10,11706,0,0,1,0,0
316,10,22135,0,1,1,0,0
317,10,11143,1,1,0,1,1
318,10,22275,1,0,0,0,1
319,10,23601,0,0,0,1,0
320,10,136,0,1,0,1,0
321,11,25301,1,0,1,0,0
322,11,111,1,0,0,0,0
323,11,139,0,0,0,0,0
324,11,12754,1,1,0,0,0
325,11,25469,1,0,1,1,0
326,11,139,0,1,1,0,1
327,11,25852,1,0,1,1,1
328,11,25412,1,0,0,0,1
329,11,128,0,0,0,0,0
330,11,140,0,0,0,1,1
331,11,139,0,0,0,0,0
332,11,13079,0,1,0,0,1
333,11,26214,1,0,0,0,1
334,11,25669,1,1,0,0,1
335,11,12277,0,1,0,0,0
336,11,12722,1,1,0,1,1
337,11,130,1,1,1,1,1
338,11,12917,1,0,0,1,0
339,11,12729,1,1,0,0,0
340,11,12452,1,0,1,0,1
341,11,12619,1,0,1,0,1
342,11,12708,0,1,0,0,1
343,11,25015,0,0,0,0,1
344,11,25504,0,0,0,1,0
345,11,139,1,1,1,0,1
346,11,25866,0,1,1,0,0
347,11,26041,1,1,1,0,0
348,11,12943,0,1,0,1,1
349,11,27074,0,0,0,0,1
350,11,139,1,1,1,0,1
351,11,27084,1,1,0,0,1
352,11,26707,1,1,0,0,1
353,12,137,0,0,1,1,0
354,12,29250,1,1,0,0,1
355,12,14589,1,0,1,0,1
356,12,14874,0,0,1,0,1
357,12,14825,0,1,0,1,1
358,12,13931,1,1,0,1,0
359,12,29282,1,1,0,0,1
360,12,14847,1,0,1,0,1
361,12,13899,0,0,1,0,0
362,12,14809,0,1,0,0,0
363,12,139,1,0,0,0,0
364,12,15173,0,0,1,0,0
365,12,29734,1,0,0,1,1
366,12,14429,1,0,0,1,0
367,12,139,1,1,1,0,1
368,12,138,0,0,0,0,0
369,12,29370,1,0,0,0,1
370,12,136,0,0,0,1,1
371,12,14591,1,0,1,0,1
372,12,139,0,1,0,1,0
373,12,139,0,1,0,1,0
374,12,14574,1,0,0,1,0
375,12,139,0,1,0,1,0
376,12,29450,0,0,0,1,0
377,12,139,1,1,1,1,0
378,12,29843,0,0,0,0,1
379,12,14502,0,1,0,1,1
380,12,14992,1,0,0,1,0
381,12,14643,1,1,0,1,1
382,12,140,0,1,0,1,0
383,12,14270,1,1,0,1,0
384,12,139,0,1,0,1,0
385,13,31945,1,0,1,1,0
386,13,15901,1,1,0,1,0
387,13,31753,1,0,0,1,1
388,13,139,1,1,1,1,1
389,13,32297,0,0,0,0,1
390,13,31607,1,1,1,0,0
391,13,15582,0,0,1,0,0
392,13,139,1,1,1,0,1
393,13,137,1,1,1,1,0
394,13,16250,0,1,0,0,1
395,13,15921,1,0,1,0,1
396,13,32147,1,1,0,0,1
397,13,139,0,0,0,1,1
398,13,15544,1,1,0,0,0
399,13,31812,0,1,1,1,1
400,13,15625,0,1,0,0,1
401,13,31760,1,0,1,0,0
402,13,32205,1,1,1,0,0
403,13,31708,1,0,1,1,1
404,13,31761,0,0,0,1,0
405,13,31869,0,1,1,1,1
406,13,15109,1,1,0,0,0
407,13,15540,1,0,1,0,1
408,13,140,0,1,1,1,0
409,13,138,0,0,0,0,0
410,13,32148,1,0,1,1,1
411,13,30278,0,0,0,0,1
412,13,139,0,0,1,1,0
413,13,137,0,0,0,0,0
414,13,139,1,1,1,1,0
415,13,16084,1,1,0,0,0
416,13,31439,1,1,0,0,1
417,14,139,1,1,1,1,0
418,14,16780,0,1,0,0,1
419,14,139,1,1,1,1,0
420,14,17128,1,1,0,0,0
421,14,139,1,1,1,0,1
422,14,16848,0,1,0,0,1
423,14,33780,0,0,0,1,0
424,14,139,0,0,0,1,1
425,14,139,0,0,1,1,0
426,14,114,1,1,1,1,0
427,14,32063,1,1,0,0,1
428,14,16031,1,0,1,0,1
429,14,33229,0,1,1,1,1
430,14,130,1,1,1,1,0
431,14,16513,0,0,1,0,1
432,14,32913,0,0,0,1,0
433,14,33344,0,0,0,1,0
434,14,116,0,1,1,1,0
435,14,142,0,1,0,1,0
436,14,31395,1,0,1,1,0
437,14,140,1,1,1,1,0
438,14,139,0,0,1,1,0
439,14,33044,1,0,1,1,0
440,14,16937,0,0,1,0,0
441,14,16562,0,1,0,1,1
442,14,139,1,0,0,0,0
443,14,16702,1,0,1,0,1
444,14,33108,0,0,0,0,1
445,14,32573,1,0,0,0,1
446,14,16632,1,0,1,0,1
447,14,139,0,1,0,1,0
448,14,125,0,0,0,1,1
449,15,17569,0,1,0,0,1
450,15,139,0,0,0,1,1
451,15,18057,0,1,0,1,1
452,15,34706,0,0,0,1,0
453,15,139,0,1,1,1,0
454,15,17158,1,0,1,0,1
455,15,129,0,0,1,1,0
456,15,17403,0,0,1,0,0
457,15,116,1,0,0,0,0
458,15,121,0,0,0,0,0
459,15,18031,1,1,0,1,0
460,15,130,0,1,0,1,0
461,15,17428,1,1,0,1,0
462,15,116,0,1,0,1,0
463,15,139,0,0,0,0,0
464,15,17721,1,1,0,1,0
465,15,17710,0,1,0,0,0
466,15,17648,0,1,0,0,0
467,15,36001,0,0,0,1,0
468,15,139,1,1,1,1,1
469,15,34298,1,1,0,0,1
470,15,35075,0,1,1,0,0
471,15,33571,0,1,1,0,0
472,15,109,1,0,0,0,0
473,15,17327,1,0,1,0,1
474,15,131,0,1,1,0,1
475,15,34277,0,0,0,0,1
476,15,127,0,1,1,0,1
477,15,35029,1,0,1,1,1
478,15,16483,0,0,1,1,1
479,15,35898,1,0,0,1,1
480,15,139,1,1,1,1,1
481,16,36878,1,1,0,0,1
482,16,36980,1,0,1,1,1
483,16,18325,1,1,0,0,0
484,16,18144,1,0,1,0,1
485,16,39577,0,0,0,0,1
486,16,18203,0,0,1,0,0
487,16,18986,1,0,1,0,1
488,16,123,1,0,0,0,0
489,16,38465,1,0,1,1,0
490,16,38110,0,1,1,1,1
491,16,37155,0,0,0,1,0
492,16,18927,1,1,0,0,0
493,16,18292,1,0,1,0,1
494,16,37410,1,1,1,0,0
495,16,139,1,1,1,1,1
496,16,139,0,0,1,1,0
497,16,36111,1,0,1,1,1
498,16,35731,1,0,1,0,0
499,16,18069,0,1,0,1,1
500,16,17816,0,1,0,0,0
501,16,139,0,0,0,0,0
502,16,139,0,0,0,0,0
503,16,39165,0,1,1,1,1
504,16,19883,0,1,0,1,1
505,16,136,0,1,1,1,0
506,16,139,1,1,1,1,1
507,16,125,0,0,0,1,1
508,16,139,1,1,1,1,1
509,16,19517,1,0,0,1,0
510,16,19622,0,0,1,0,1
511,16,139,0,1,1,1,0
512,16,139,1,0,0,0,0
513,17,138,0,0,1,1,0
514,17,41801,1,0,0,1,1
515,17,139,1,1,1,1,0
516,17,40284,1,0,1,1,1
517,17,40209,0,0,0,1,0
518,17,138,0,0,0,0,0
519,17,19207,0,0,1,1,1
520,17,133,0,0,1,1,0
521,17,18717,0,1,0,0,1
522,17,19963,0,0,1,0,1
523,17,120,0,0,0,0,0
524,17,20296,0,0,1,0,1
525,17,39495,0,0,0,1,0
526,17,40248,1,0,0,0,1
527,17,139,1,1,1,0,1
528,17,20335,1,1,0,1,1
529,17,41201,0,1,1,0,0
530,17,139,0,1,1,1,0
531,17,140,1,1,1,1,0
532,17,38960,1,1,0,0,1
533,17,38743,1,0,0,1,1
534,17,139,0,1,1,1,0
535,17,139,0,0,1,1,0
536,17,139,1,1,1,1,1
537,17,20841,0,0,1,0,1
538,17,20034,0,1,0,0,1
539,17,140,0,1,1,1,0
540,17,19427,1,0,0,1,0
541,17,109,1,1,1,1,0
542,17,20238,1,0,0,1,0
543,17,40917,1,1,1,0,0
544,17,40487,1,0,1,0,0
545,18,139,0,1,1,0,1
546,18,21718,0,1,0,1,1
547,18,21085,1,1,0,1,0
548,18,43621,1,0,0,0,1
549,18,20479,0,0,1,0,1
550,18,130,0,1,1,1,0
551,18,42594,0,1,1,0,0
552,18,137,0,1,1,1,0
553,18,139,1,1,1,1,1
554,18,137,1,0,0,0,0
555,18,140,1,1,1,1,1
556,18,21261,0,1,0,0,0
557,18,20522,1,0,1,0,1
558,18,139,0,0,0,0,0
559,18,139,1,0,0,0,0
560,18,42269,0,1,1,0,0
561,18,139,0,1,1,1,0
562,18,139,0,1,1,1,0
563,18,139,0,0,1,1,0
564,18,42218,1,1,1,0,0
565,18,21686,1,1,0,1,1
566,18,21515,0,0,1,1,1
567,18,109,1,1,1,1,1
568,18,40159,1,0,1,1,1
569,18,109,1,0,0,0,0
570,18,41865,0,1,1,0,0
571,18,41501,1,1,0,0,1
572,18,20779,0,0,1,0,1
573,18,21080,1,1,0,0,0
574,18,19991,1,0,0,1,0
575,18,20907,0,0,1,0,1
576,18,21502,1,1,0,1,0
577,19,45384,0,0,0,1,0
578,19,140,0,1,1,1,0
579,19,22946,1,1,0,1,0
580,19,139,0,1,1,0,1
581,19,45322,1,0,1,1,0
582,19,43617,1,1,1,0,0
583,19,43960,1,0,0,1,1
584,19,44956,1,0,1,1,1
585,19,44492,1,0,1,0,0
586,19,141,1,0,0,0,0
587,19,22612,1,1,0,0,0
588,19,140,0,0,0,0,0
589,19,139,0,1,0,1,0
590,19,22582,0,1,0,0,1
591,19,45067,1,0,1,1,1
592,19,139,0,0,0,0,0
593,19,22551,0,1,0,1,1
594,19,139,0,0,0,1,1
595,19,139,1,1,1,0,1
596,19,21927,1,1,0,0,0
597,19,135,0,1,1,1,0
598,19,21085,1,1,0,0,0
599,19,43345,1,0,0,1,1
600,19,42961,0,0,0,0,1
601,19,44025,1,0,1,1,1
602,19,22523,1,1,0,1,1
603,19,22678,0,0,1,1,1
604,19,130,0,0,0,1,1
605,19,139,0,0,0,0,0
606,19,45369,1,0,0,0,1
607,19,21322,1,1,0,1,1
608,19,104,0,1,0,1,0
609,20,46541,0,1,1,1,1
610,20,46083,0,1,1,0,0
611,20,139,0,1,1,1,0
612,20,139,0,1,1,0,1
613,20,46349,1,0,0,1,1
614,20,23100,0,0,1,1,1
615,20,139,1,1,1,1,0
616,20,23191,0,1,0,1,1
617,20,47341,1,0,1,0,0
618,20,45567,1,1,1,0,0
619,20,23248,0,0,1,0,1
620,20,45288,0,0,0,1,0
621,20,23453,0,1,0,1,1
622,20,46083,1,0,0,1,1
623,20,130,0,1,1,0,1
624,20,46602,1,0,0,0,1
625,20,22581,0,1,0,0,1
626,20,45090,1,0,0,1,1
627,20,46423,0,0,0,0,1
628,20,23885,1,0,0,1,0
629,20,137,0,0,0,1,1
630,20,44660,1,0,0,1,1
631,20,130,0,0,1,1,0
632,20,140,1,0,0,0,0
633,20,139,1,1,1,1,0
634,20,132,0,0,0,0,0
635,20,122,1,0,0,0,0
636,20,22913,1,1,0,0,0
637,20,21851,0,0,1,1,1
638,20,21695,1,0,1,0,1
639,20,23804,1,1,0,1,1
640,20,130,0,0,0,0,0
641,21,24920,0,1,0,1,1
642,21,49855,1,0,0,0,1
643,21,50336,0,0,0,1,0
644,21,50032,1,0,0,1,1
645,21,104,0,0,1,1,0
646,21,129,0,1,1,1,0
647,21,25273,0,0,1,1,1
648,21,130,0,0,0,1,1
649,21,50071,1,1,0,0,1
650,21,49936,1,0,0,0,1
651,21,140,0,0,1,1,0
652,21,50663,1,0,1,1,1
653,21,25399,1,1,0,1,1
654,21,50353,0,1,1,1,1
655,21,50765,1,0,0,1,1
656,21,50435,0,1,1,0,0
657,21,52121,1,0,1,0,0
658,21,139,0,1,1,0,1
659,21,50949,1,0,0,0,1
660,21,51119,0,1,1,1,1
661,21,140,0,1,1,0,1
662,21,26076,0,1,0,0,0
663,21,139,0,0,0,0,0
664,21,140,0,0,1,1,0
665,21,139,0,0,0,0,0
666,21,25600,0,0,1,0,0
667,21,139,0,1,1,1,0
668,21,140,1,1,1,1,0
669,21,25901,0,0,1,1,1
670,21,25456,0,1,0,1,1
671,21,139,1,1,1,1,1
672,21,24548,0,1,0,0,0
673,22,54001,0,1,1,0,0
674,22,138,0,0,0,0,0
675,22,144,0,1,0,1,0
676,22,139,1,1,1,0,1
677,22,54487,1,1,0,0,1
678,22,139,0,0,0,0,0
679,22,54094,1,0,1,1,1
680,22,139,0,0,0,0,0
681,22,26344,1,1,0,1,0
682,22,26404,1,0,1,0,1
683,22,26631,0,0,1,0,1
684,22,139,1,1,1,0,1
685,22,54135,1,0,1,0,0
686,22,53724,0,0,0,1,0
687,22,26831,1,1,0,1,1
688,22,54086,1,1,0,0,1
689,22,26895,1,0,0,1,0
690,22,26075,0,0,1,0,0
691,22,53566,0,1,1,1,1
692,22,54077,0,0,0,0,1
693,22,54051,1,0,0,0,1
694,22,26735,0,0,1,1,1
695,22,26803,1,1,0,1,1
696,22,52479,1,1,0,0,1
697,22,140,1,0,0,0,0
698,22,26689,1,1,0,1,1
699,22,136,0,0,1,1,0
700,22,139,0,1,1,0,1
701,22,26805,0,1,0,1,1
702,22,26821,1,1,0,1,1
703,22,53975,1,0,0,0,1
704,22,53856,1,0,0,0,1
705,23,27408,1,1,0,1,1
706,23,137,0,1,0,1,0
707,23,55842,0,0,0,1,0
708,23,27705,1,0,1,0,1
709,23,27690,1,1,0,0,0
710,23,55968,0,1,1,1,1
711,23,56068,1,0,0,0,1
712,23,27527,0,1,0,1,1
713,23,28334,1,1,0,1,1
714,23,55699,0,0,0,1,0
715,23,56311,0,1,1,1,1
716,23,27123,1,1,0,1,0
717,23,129,1,1,1,1,0
718,23,27071,0,1,0,1,1
719,23,139,0,1,0,1,0
720,23,55701,1,0,0,0,1
721,23,56403,0,0,0,0,1
722,23,55863,1,0,0,1,1
723,23,28192,1,0,1,0,1
724,23,28702,1,1,0,1,0
725,23,56197,1,0,1,1,1
726,23,27997,1,0,0,1,0
727,23,56319,0,0,0,1,0
728,23,139,1,1,1,0,1
729,23,27766,0,1,0,0,0
730,23,57150,1,0,1,1,0
731,23,139,1,1,1,1,0
732,23,141,1,0,0,0,0
733,23,27721,1,0,0,1,0
734,23,55461,1,1,1,0,0
735,23,57106,1,0,0,1,1
736,23,128,0,1,0,1,0
737,24,58828,0,1,1,0,0
738,24,58931,0,1,1,1,1
739,24,59019,1,0,1,1,0
740,24,139,1,1,1,0,1
741,24,59117,1,0,1,1,1
742,24,139,0,0,0,1,1
743,24,29249,0,1,0,0,0
744,24,140,1,1,1,1,1
745,24,59033,1,1,1,0,0
746,24,58816,1,1,0,0,1
747,24,140,0,1,0,1,0
748,24,57164,1,0,1,1,1
749,24,28988,1,1,0,1,0
750,24,29469,0,0,1,0,0
751,24,57905,1,1,0,0,1
752,24,58495,1,0,1,1,0
753,24,139,1,1,1,0,1
754,24,139,0,0,0,1,1
755,24,139,1,1,1,1,0
756,24,58797,0,0,0,0,1
757,24,57938,1,1,0,0,1
758,24,58717,1,0,1,1,1
759,24,29008,1,0,0,1,0
760,24,29213,1,1,0,1,0
761,24,29052,0,1,0,1,1
762,24,29037,0,0,1,1,1
763,24,29690,1,1,0,1,1
764,24,139,0,0,0,1,1
765,24,29632,1,1,0,0,0
766,24,139,0,1,1,1,0
767,24,58891,0,1,1,0,0
768,24,29074,0,0,1,0,1
769,25,60711,1,0,1,1,0
770,25,61593,0,0,0,1,0
771,25,61116,0,1,1,1,1
772,25,138,1,0,0,0,0
773,25,136,0,1,1,0,1
774,25,141,0,1,1,0,1
775,25,139,1,1,1,0,1
776,25,31431,0,1,0,0,0
777,25,139,1,1,1,0,1
778,25,30575,0,1,0,0,1
779,25,139,0,1,0,1,0
780,25,62202,1,0,0,1,1
781,25,132,1,1,1,1,1
782,25,139,0,0,0,1,1
783,25,30534,0,0,1,0,1
784,25,61308,1,1,0,0,1
785,25,59520,1,0,0,0,1
786,25,60192,1,0,1,0,0
787,25,30261,1,0,0,1,0
788,25,140,0,0,0,0,0
789,25,139,1,1,1,0,1
790,25,31185,0,1,0,0,0
791,25,30312,1,0,0,1,0
792,25,30390,0,1,0,1,1
793,25,30563,1,0,1,0,1
794,25,30264,0,1,0,0,1
795,25,60742,0,0,0,1,0
796,25,60741,1,0,1,1,0
797,25,30156,0,1,0,1,1
798,25,29694,0,1,0,0,0
799,25,139,0,0,0,1,1
800,25,30574,0,1,0,0,1
801,26,64158,1,1,0,0,1
802,26,139,0,1,1,1,0
803,26,64099,1,1,0,0,1
804,26,139,0,1,1,1,0
805,26,31569,1,0,0,1,0
806,26,142,0,0,0,0,0
807,26,139,1,1,1,1,0
808,26,31684,1,1,0,1,0
809,26,62967,1,1,1,0,0
810,26,139,1,1,1,0,1
811,26,32281,0,1,0,1,1
812,26,141,0,0,1,1,0
813,26,31717,0,1,0,0,0
814,26,32130,0,0,1,0,1
815,26,63012,1,0,1,0,0
816,26,64095,1,0,0,0,1
817,26,31356,0,0,1,0,0
818,26,30886,0,1,0,0,0
819,26,63921,1,0,0,0,1
820,26,139,1,0,0,0,0
821,26,140,1,1,1,0,1
822,26,64777,0,1,1,1,1
823,26,139,0,1,1,1,0
824,26,63697,1,1,0,0,1
825,26,63560,0,0,0,0,1
826,26,139,0,1,0,1,0
827,26,64065,1,1,1,0,0
828,26,64602,0,1,1,0,0
829,26,139,0,0,0,1,1
830,26,63261,0,0,0,1,0
831,26,31642,0,0,1,0,1
832,26,139,1,1,1,1,0
833,27,32021,0,0,1,0,0
834,27,138,0,0,0,0,0
835,27,139,0,0,0,0,0
836,27,65750,1,0,1,1,0
837,27,136,0,0,0,1,1
838,27,139,0,0,0,0,0
839,27,139,1,1,1,1,0
840,27,66849,0,0,0,1,0
841,27,137,1,1,1,1,1
842,27,32886,1,0,1,0,1
843,27,32291,1,1,0,0,0
844,27,66402,0,0,0,1,0
845,27,65930,1,0,0,0,1
846,27,32337,1,0,0,1,0
847,27,140,1,0,0,0,0
848,27,139,0,1,0,1,0
849,27,66924,1,0,1,0,0
850,27,32352,0,1,0,1,1
851,27,32495,1,0,0,1,0
852,27,139,1,1,1,1,1
853,27,33377,0,1,0,0,1
854,27,65185,1,0,1,1,1
855,27,105,0,1,1,0,1
856,27,32666,1,0,0,1,0
857,27,33053,1,0,0,1,0
858,27,32294,0,0,1,1,1
859,27,138,0,0,0,0,0
860,27,66900,1,0,1,1,1
861,27,32755,0,1,0,1,1
862,27,33015,0,1,0,1,1
863,27,65453,0,1,1,0,0
864,27,66264,1,0,1,1,0
865,28,136,0,0,0,1,1
866,28,34554,0,1,0,1,1
867,28,137,0,0,1,1,0
868,28,69781,0,1,1,1,1
869,28,33498,1,0,1,0,1
870,28,67944,1,0,0,0,1
871,28,33529,0,0,1,0,1
872,28,67938,1,1,1,0,0
873,28,139,0,1,0,1,0
874,28,34627,0,1,0,1,1
875,28,67841,0,0,0,1,0
876,28,67566,1,1,1,0,0
877,28,68870,0,1,1,0,0
878,28,68804,1,1,0,0,1
879,28,33550,0,1,0,0,1
880,28,68569,1,1,1,0,0
881,28,68807,0,0,0,1,0
882,28,68682,1,0,1,1,1
883,28,67954,0,1,1,0,0
884,28,33584,0,1,0,0,0
885,28,120,1,0,0,0,0
886,28,68758,0,0,0,1,0
887,28,34186,0,1,0,0,1
888,28,69106,0,0,0,0,1
889,28,140,0,0,1,1,0
890,28,68251,0,0,0,1,0
891,28,142,0,1,1,0,1
892,28,139,0,1,0,1,0
893,28,68190,1,0,1,1,1
894,28,32985,0,0,1,0,0
895,28,140,0,0,0,0,0
896,28,139,0,0,1,1,0
897,29,70400,1,0,1,1,1
898,29,35397,1,1,0,1,1
899,29,35645,0,1,0,0,0
900,29,71203,1,0,0,0,1
901,29,34235,0,1,0,0,1
902,29,35242,0,1,0,0,1
903,29,70225,1,1,0,0,1
904,29,139,0,1,1,0,1
905,29,35241,1,0,1,0,1
906,29,70089,1,1,1,0,0
907,29,72066,1,0,0,0,1
908,29,137,0,0,0,1,1
909,29,34941,1,1,0,1,0
910,29,35791,0,0,1,1,1
911,29,35047,1,1,0,1,1
912,29,139,1,1,1,1,1
913,29,71213,1,0,1,1,0
914,29,70292,0,1,1,1,1
915,29,139,1,0,0,0,0
916,29,71168,1,0,1,1,1
917,29,35769,0,0,1,0,0
918,29,70684,1,1,0,0,1
919,29,34268,1,0,0,1,0
920,29,35358,0,0,1,0,1
921,29,139,1,1,1,1,1
922,29,140,1,0,0,0,0
923,29,139,0,0,0,1,1
924,29,71706,1,0,1,1,1
925,29,70692,0,0,0,1,0
926,29,34971,0,1,0,0,0
927,29,34614,1,0,0,1,0
928,29,140,1,0,0,0,0
929,30,35708,0,1,0,0,0
930,30,36274,1,0,1,0,1
931,30,139,0,1,0,1,0
932,30,36389,0,0,1,0,0
933,30,74208,0,0,0,1,0
934,30,139,1,1,1,1,1
935,30,36229,1,0,0,1,0
936,30,139,0,0,0,0,0
937,30,139,0,1,1,0,1
938,30,37314,1,1,0,1,1
939,30,139,0,0,0,0,0
940,30,114,1,1,1,1,0
941,30,72681,1,1,0,0,1
942,30,73310,0,0,0,1,0
943,30,37313,1,1,0,0,0
944,30,73430,1,0,0,0,1
945,30,73793,1,0,1,1,1
946,30,73329,0,1,1,0,0
947,30,139,1,1,1,1,0
948,30,73162,0,1,1,1,1
949,30,36701,1,1,0,1,0
950,30,73561,1,0,1,1,0
951,30,139,0,0,0,1,1
952,30,139,1,1,1,1,0
953,30,72897,1,0,1,1,0
954,30,139,1,1,1,0,1
955,30,36752,0,0,1,0,0
956,30,73101,0,1,1,1,1
957,30,73821,1,0,1,0,0
958,30,72643,0,1,1,0,0
959,30,140,0,1,1,1,0
960,30,36615,0,1,0,0,1
961,31,37476,0,1,0,1,1
962,31,75669,0,1,1,0,0
963,31,38345,0,1,0,1,1
964,31,75966,0,0,0,1,0
965,31,37855,1,0,1,0,1
966,31,75789,0,0,0,0,1
967,31,139,0,1,1,1,0
968,31,139,1,1,1,1,0
969,31,76173,1,0,0,0,1
970,31,75804,1,0,0,1,1
971,31,139,1,1,1,1,0
972,31,38249,0,0,1,1,1
973,31,75890,0,1,1,0,0
974,31,37863,1,0,0,1,0
975,31,36748,0,0,1,1,1
976,31,38027,1,1,0,1,1
977,31,75768,0,0,0,0,1
978,31,136,1,1,1,1,0
979,31,37526,0,1,0,0,0
980,31,37324,1,1,0,1,0
981,31,139,0,0,1,1,0
982,31,38278,1,1,0,1,0
983,31,38449,0,0,1,1,1
984,31,139,0,0,0,1,1
985,31,38430,1,1,0,0,0
986,31,75941,0,1,1,0,0
987,31,76129,1,0,0,1,1
988,31,37486,0,0,1,0,0
989,31,139,0,0,0,1,1
990,31,38456,1,1,0,1,1
991,31,139,0,0,0,0,0
992,31,76341,1,0,1,1,0
993,32,139,0,1,1,1,0
994,32,39347,0,1,0,0,1
995,32,138,0,1,1,0,1
996,32,38837,0,0,1,1,1
997,32,38882,1,1,0,1,1
998,32,38755,0,1,0,0,0
999,32,78865,0,1,1,1,1
1000,32,139,0,1,1,0,1
1001,32,39132,0,0,1,0,0
1002,32,78939,1,0,1,0,0
1003,32,38408,1,1,0,1,0
1004,32,139,0,0,0,0,0
1005,32,139,0,1,1,0,1
1006,32,79115,1,0,1,1,1
1007,32,140,0,0,1,1,0
1008,32,140,1,0,0,0,0
1009,32,139,1,1,1,0,1
1010,32,77141,1,0,1,1,0
1011,32,78130,1,0,0,1,1
1012,32,39164,1,1,0,0,0
1013,32,37527,0,1,0,0,1
1014,32,38605,1,0,1,0,1
1015,32,139,0,0,0,0,0
1016,32,77206,0,1,1,0,0
1017,32,77732,1,0,0,1,1
1018,32,77685,1,0,1,1,1
1019,32,139,0,1,1,1,0
1020,32,39195,0,1,0,0,1
1021,32,78019,1,1,1,0,0
1022,32,38771,1,0,0,1,0
1023,32,38217,1,0,1,0,1
1024,32,77338,0,0,0,1,0
1025,33,39710,1,1,0,0,0
1026,33,39826,1,0,0,1,0
1027,33,81078,1,0,1,0,0
1028,33,140,0,1,1,0,1
1029,33,40987,1,0,1,0,1
1030,33,139,1,1,1,1,1
1031,33,40733,0,0,1,0,0
1032,33,136,1,1,1,0,1
1033,33,39571,0,0,1,1,1
1034,33,40108,0,1,0,1,1
1035,33,40585,0,1,0,1,1
1036,33,40897,0,0,1,0,1
1037,33,139,0,1,1,1,0
1038,33,39835,0,0,1,1,1
1039,33,39998,1,1,0,1,1
1040,33,39307,0,0,1,0,1
1041,33,139,1,1,1,1,0
1042,33,139,1,0,0,0,0
1043,33,137,0,1,1,1,0
1044,33,139,0,1,1,1,0
1045,33,139,0,1,1,0,1
1046,33,139,0,0,1,1,0
1047,33,80993,1,0,1,0,0
1048,33,80151,0,1,1,1,1
1049,33,40628,1,1,0,1,0
1050,33,123,1,1,1,1,0
1051,33,139,0,0,0,0,0
1052,33,40065,0,0,1,0,0
1053,33,40726,0,0,1,1,1
1054,33,39274,0,0,1,0,0
1055,33,81035,1,1,0,0,1
1056,33,80084,1,0,1,1,0
1057,34,41453,0,0,1,0,0
1058,34,41369,0,1,0,0,0
1059,34,83961,0,0,0,0,1
1060,34,40789,1,1,0,0,0
1061,34,83612,0,1,1,0,0
1062,34,82467,0,0,0,0,1
1063,34,131,0,1,1,0,1
1064,34,83653,0,0,0,0,1
1065,34,83308,1,1,1,0,0
1066,34,41356,0,1,0,1,1
1067,34,84233,0,0,0,1,0
1068,34,41083,1,0,0,1,0
1069,34,139,1,1,1,1,1
1070,34,139,0,1,0,1,0
1071,34,82005,0,0,0,0,1
1072,34,139,0,1,0,1,0
1073,34,84292,0,1,1,0,0
1074,34,41376,0,1,0,1,1
1075,34,41272,1,1,0,1,1
1076,34,82868,1,1,0,0,1
1077,34,41824,0,1,0,0,1
1078,34,41024,0,0,1,0,1
1079,34,130,1,1,1,1,1
1080,34,81872,1,0,1,1,0
1081,34,139,0,1,1,0,1
1082,34,139,0,0,0,1,1
1083,34,83312,0,0,0,1,0
1084,34,42102,0,0,1,0,0
1085,34,40828,1,1,0,1,1
1086,34,83556,0,0,0,0,1
1087,34,139,0,0,0,0,0
1088,34,139,1,1,1,1,1
1089,35,43066,0,0,1,0,1
1090,35,139,0,1,1,1,0
1091,35,139,1,1,1,1,1
1092,35,139,1,1,1,1,0
1093,35,42851,1,1,0,1,0
1094,35,138,1,1,1,0,1
1095,35,84903,0,1,1,1,1
1096,35,85380,0,0,0,1,0
1097,35,42753,0,1,0,0,1
1098,35,139,1,1,1,1,0
1099,35,139,1,1,1,0,1
1100,35,43315,0,0,1,0,1
1101,35,85409,1,0,1,1,0
1102,35,85496,1,0,0,0,1
1103,35,86274,0,0,0,1,0
1104,35,139,0,1,1,1,0
1105,35,138,1,1,1,0,1
1106,35,138,1,0,0,0,0
1107,35,85513,1,0,1,1,1
1108,35,43208,0,1,0,1,1
1109,35,40910,1,1,0,0,0
1110,35,42114,0,0,1,0,1
1111,35,139,1,0,0,0,0
1112,35,41992,0,0,1,0,0
1113,35,139,0,1,0,1,0
1114,35,85504,0,0,0,0,1
1115,35,135,0,0,0,0,0
1116,35,42470,0,1,0,1,1
1117,35,42614,1,0,1,0,1
1118,35,43088,1,0,1,0,1
1119,35,42551,1,1,0,0,0
1120,35,43163,0,0,1,0,0
1121,36,87555,1,1,0,0,1
1122,36,87095,1,0,0,1,1
1123,36,139,0,1,1,0,1
1124,36,139,0,1,0,1,0
1125,36,139,0,0,0,1,1
1126,36,87356,1,0,1,1,0
1127,36,87375,1,0,1,0,0
1128,36,139,0,1,0,1,0
1129,36,87756,1,0,1,0,0
1130,36,139,0,1,1,1,0
1131,36,43855,0,1,0,0,1
1132,36,44111,0,0,1,1,1
1133,36,86826,1,0,1,1,1
1134,36,44604,0,1,0,0,1
1135,36,87283,1,0,1,1,0
1136,36,88112,0,0,0,1,0
1137,36,43407,1,1,0,0,0
1138,36,88238,1,1,0,0,1
1139,36,87707,1,0,1,1,0
1140,36,140,1,1,1,1,0
1141,36,139,1,0,0,0,0
1142,36,44206,0,1,0,0,0
1143,36,43824,1,1,0,1,1
1144,36,139,1,1,1,1,0
1145,36,87234,1,0,1,0,0
1146,36,87159,1,1,0,0,1
1147,36,139,1,1,1,0,1
1148,36,44543,1,0,1,0,1
1149,36,43486,0,0,1,0,0
1150,36,87097,0,0,0,1,0
1151,36,87368,1,0,0,1,1
1152,36,86951,0,1,1,0,0
1153,37,91246,1,0,0,0,1
1154,37,89384,1,1,1,0,0
1155,37,90872,1,0,0,1,1
1156,37,90081,0,0,0,0,1
1157,37,139,1,0,0,0,0
1158,37,90324,1,0,1,0,0
1159,37,45606,0,0,1,1,1
1160,37,139,1,1,1,1,0
1161,37,45095,1,0,0,1,0
1162,37,44606,1,1,0,1,0
1163,37,140,1,1,1,1,0
1164,37,139,0,1,1,1,0
1165,37,139,0,0,0,1,1
1166,37,90619,1,0,1,1,0
1167,37,139,0,1,1,1,0
1168,37,91095,1,0,1,1,1
1169,37,139,1,1,1,1,1
1170,37,139,1,0,0,0,0
1171,37,44409,1,0,1,0,1
1172,37,43999,0,1,0,1,1
1173,37,45869,0,0,1,0,0
1174,37,43542,0,1,0,1,1
1175,37,45104,1,1,0,1,1
1176,37,91591,0,1,1,0,0
1177,37,46217,1,1,0,1,1
1178,37,139,1,1,1,1,0
1179,37,45263,0,1,0,0,1
1180,37,45286,0,0,1,0,1
1181,37,139,0,1,1,1,0
1182,37,139,1,0,0,0,0
1183,37,45741,1,1,0,1,0
1184,37,45032,1,1,0,1,1
1185,38,93175,1,0,0,1,1
1186,38,46367,0,0,1,1,1
1187,38,92991,1,0,1,1,0
1188,38,92750,1,0,1,1,0
1189,38,93156,1,0,0,0,1
1190,38,139,0,1,1,0,1
1191,38,46350,0,1,0,1,1
1192,38,139,0,0,0,0,0
1193,38,90148,1,0,0,0,1
1194,38,82764,1,0,1,0,0
1195,38,43967,1,0,0,1,0
1196,38,84482,1,0,0,1,1
1197,38,86492,0,1,1,1,1
1198,38,86194,0,0,0,1,0
1199,38,43396,0,0,1,0,1
1200,38,44418,1,1,0,0,0
1201,38,90785,1,0,1,1,1
1202,38,139,0,1,0,1,0
1203,38,45297,0,1,0,1,1
1204,38,140,1,1,1,0,1
1205,38,140,0,0,0,0,0
1206,38,91964,1,1,1,0,0
1207,38,90407,0,0,0,1,0
1208,38,139,0,0,0,1,1
1209,38,47226,1,1,0,1,0
1210,38,93172,1,0,1,1,0
1211,38,46035,0,1,0,1,1
1212,38,142,0,1,1,1,0
1213,38,46100,1,0,1,0,1
1214,38,126,0,1,0,1,0
1215,38,94098,1,1,0,0,1
1216,38,46138,0,0,1,0,0
1217,39,138,1,0,0,0,0
1218,39,139,1,0,0,0,0
1219,39,95354,1,0,1,1,1
1220,39,89678,1,0,0,0,1
1221,39,48133,1,1,0,0,0
1222,39,139,0,1,1,1,0
1223,39,140,0,0,0,1,1
1224,39,131,0,0,1,1,0
1225,39,46795,0,0,1,0,0
1226,39,47678,0,1,0,0,1
1227,39,92271,1,0,1,1,0
1228,39,91760,0,0,0,1,0
1229,39,46952,0,0,1,0,0
1230,39,139,0,0,1,1,0
1231,39,47814,1,1,0,1,1
1232,39,94873,1,1,0,0,1
1233,39,139,1,1,1,1,0
1234,39,139,0,0,1,1,0
1235,39,89593,1,1,1,0,0
1236,39,47041,1,1,0,1,1
1237,39,47228,0,1,0,0,1
1238,39,48067,1,0,1,0,1
1239,39,46681,1,1,0,1,0
1240,39,46590,1,0,1,0,1
1241,39,138,0,0,0,0,0
1242,39,46371,0,1,0,0,0
1243,39,139,1,1,1,0,1
1244,39,94743,1,0,0,0,1
1245,39,95613,0,1,1,1,1
1246,39,48085,0,0,1,1,1
1247,39,94432,0,1,1,1,1
1248,39,139,1,1,1,0,1
1249,40,140,0,0,0,1,1
1250,40,49203,1,0,1,0,1
1251,40,97599,0,1,1,1,1
1252,40,115,0,1,1,1,0
1253,40,140,0,1,1,1,0
1254,40,98834,0,1,1,0,0
1255,40,112,1,1,1,1,0
1256,40,98043,1,0,1,1,0
1257,40,98278,1,0,0,0,1
1258,40,129,0,0,0,1,1
1259,40,49380,0,0,1,0,0
1260,40,49494,1,0,0,1,0
1261,40,139,0,0,0,0,0
1262,40,48838,0,0,1,1,1
1263,40,97408,0,1,1,0,0
1264,40,98383,1,0,1,0,0
1265,40,48456,0,1,0,1,1
1266,40,139,0,0,0,1,1
1267,40,49991,1,0,0,1,0
1268,40,139,0,0,0,0,0
1269,40,48798,0,1,0,0,0
1270,40,98360,1,0,1,1,1
1271,40,139,1,1,1,0,1
1272,40,141,0,1,1,1,0
1273,40,130,0,0,0,0,0
1274,40,97972,1,0,0,1,1
1275,40,139,0,0,0,1,1
1276,40,98395,0,0,0,1,0
1277,40,139,1,1,1,1,0
1278,40,49721,1,1,0,1,0
1279,40,48990,0,0,1,0,0
1280,40,97965,1,0,0,1,1
1281,41,100603,1,1,0,0,1
1282,41,50890,0,0,1,1,1
1283,41,139,0,0,0,1,1
1284,41,100666,1,0,0,0,1
1285,41,99924,1,0,0,1,1
1286,41,141,1,1,1,1,1
1287,41,50525,0,0,1,0,0
1288,41,139,1,0,0,0,0
1289,41,100543,0,0,0,1,0
1290,41,99802,1,1,1,0,0
1291,41,100471,1,1,1,0,0
1292,41,50079,0,0,1,0,1
1293,41,139,0,1,0,1,0
1294,41,50687,1,1,0,1,0
1295,41,100361,1,1,0,0,1
1296,41,50470,0,0,1,0,1
1297,41,139,0,1,1,1,0
1298,41,140,0,0,0,0,0
1299,41,113,1,1,1,1,0
1300,41,139,1,1,1,1,1
1301,41,51010,0,1,0,0,1
1302,41,101893,1,0,1,1,0
1303,41,99671,1,0,0,0,1
1304,41,49981,0,0,1,0,1
1305,41,100231,0,1,1,0,0
1306,41,49741,0,1,0,0,0
1307,41,139,1,1,1,1,0
1308,41,100953,1,0,0,0,1
1309,41,139,0,0,1,1,0
1310,41,139,0,1,1,1,0
1311,41,139,1,1,1,0,1
1312,41,99833,1,1,1,0,0
1313,42,102851,0,1,1,0,0
1314,42,50494,1,0,1,0,1
1315,42,139,1,1,1,1,0
1316,42,139,1,0,0,0,0
1317,42,51219,1,0,1,0,1
1318,42,51413,1,0,0,1,0
1319,42,51115,0,1,0,0,0
1320,42,50957,0,0,1,1,1
1321,42,139,0,1,1,1,0
1322,42,103565,1,0,1,0,0
1323,42,101976,1,1,0,0,1
1324,42,50557,1,1,0,1,1
1325,42,138,0,0,0,0,0
1326,42,103453,0,0,0,1,0
1327,42,141,1,1,1,0,1
1328,42,139,0,0,1,1,0
1329,42,139,1,1,1,1,0
1330,42,51156,1,1,0,1,1
1331,42,139,0,0,0,1,1
1332,42,50857,1,1,0,1,0
1333,42,139,0,1,0,1,0
1334,42,142,0,1,1,1,0
1335,42,103237,0,1,1,0,0
1336,42,103223,1,1,0,0,1
1337,42,101773,1,1,1,0,0
1338,42,104191,1,0,0,1,1
1339,42,102497,0,0,0,0,1
1340,42,103038,0,1,1,1,1
1341,42,49201,0,1,0,1,1
1342,42,110,1,1,1,1,0
1343,42,97972,0,0,0,1,0
1344,42,131,0,0,1,1,0
1345,43,107,0,1,0,1,0
1346,43,50743,0,1,0,0,1
1347,43,105,0,0,1,1,0
1348,43,52064,0,0,1,1,1
1349,43,139,0,1,0,1,0
1350,43,103588,1,0,1,0,0
1351,43,51270,0,1,0,1,1
1352,43,52135,0,0,1,0,0
1353,43,52163,1,1,0,0,0
1354,43,103555,1,0,0,1,1
1355,43,139,0,1,0,1,0
1356,43,53026,0,1,0,1,1
1357,43,129,0,1,0,1,0
1358,43,52475,1,1,0,0,0
1359,43,50507,1,0,0,1,0
1360,43,106283,1,1,0,0,1
1361,43,139,0,0,0,1,1
1362,43,105985,1,1,0,0,1
1363,43,105106,1,0,1,0,0
1364,43,140,1,1,1,1,1
1365,43,104445,1,1,1,0,0
1366,43,104763,1,0,0,0,1
1367,43,105780,1,0,0,1,1
1368,43,139,1,0,0,0,0
1369,43,52128,1,1,0,1,0
1370,43,52631,1,1,0,1,1
1371,43,105385,0,0,0,1,0
1372,43,139,0,1,0,1,0
1373,43,53137,1,0,0,1,0
1374,43,105033,0,0,0,0,1
1375,43,52437,1,0,0,1,0
1376,43,52622,1,1,0,1,0
1377,44,139,0,1,1,0,1
1378,44,139,1,1,1,0,1
1379,44,139,0,0,1,1,0
1380,44,139,0,0,0,1,1
1381,44,140,0,1,0,1,0
1382,44,53854,0,1,0,1,1
1383,44,54272,1,0,1,0,1
1384,44,107435,1,0,1,0,0
1385,44,54494,1,1,0,0,0
1386,44,108001,1,0,1,0,0
1387,44,140,0,1,1,0,1
1388,44,139,1,1,1,1,0
1389,44,139,0,0,0,1,1
1390,44,108913,1,0,0,0,1
1391,44,139,1,0,0,0,0
1392,44,139,0,1,1,1,0
1393,44,53456,0,0,1,0,1
1394,44,107049,0,1,1,1,1
1395,44,53413,0,0,1,1,1
1396,44,53620,1,0,0,1,0
1397,44,139,0,0,1,1,0
1398,44,139,0,1,0,1,0
1399,44,107811,0,1,1,1,1
1400,44,108115,1,0,0,0,1
1401,44,54612,1,0,0,1,0
1402,44,135,0,1,1,1,0
1403,44,54231,0,1,0,1,1
1404,44,139,0,0,1,1,0
1405,44,54363,1,0,0,1,0
1406,44,108035,0,1,1,0,0
1407,44,53937,1,1,0,0,0
1408,44,139,0,0,0,1,1
1409,45,110618,1,0,1,1,0
1410,45,54213,1,1,0,1,1
1411,45,138,0,1,0,1,0
1412,45,139,0,0,0,0,0
1413,45,54345,1,0,0,1,0
1414,45,109260,0,1,1,0,0
1415,45,109,0,1,1,1,0
1416,45,55967,0,1,0,1,1
1417,45,108467,0,0,0,0,1
1418,45,55214,1,1,0,0,0
1419,45,109803,1,1,0,0,1
1420,45,109729,1,0,1,1,1
1421,45,139,1,0,0,0,0
1422,45,111186,1,0,1,0,0
1423,45,139,1,0,0,0,0
1424,45,142,0,1,1,0,1
1425,45,56058,0,1,0,1,1
1426,45,55448,0,1,0,0,0
1427,45,109796,1,0,1,1,0
1428,45,110769,1,0,1,1,0
1429,45,110459,0,1,1,1,1
1430,45,54936,1,1,0,1,1
1431,45,139,1,1,1,1,0
1432,45,55221,0,0,1,1,1
1433,45,139,1,1,1,0,1
1434,45,140,0,1,1,1,0
1435,45,138,0,1,1,1,0
1436,45,55530,1,0,0,1,0
1437,45,137,0,0,0,0,0
1438,45,55580,0,0,1,0,0
1439,45,139,1,1,1,1,1
1440,45,54713,0,0,1,0,1
1441,46,139,1,1,1,0,1
1442,46,113656,1,0,1,1,0
1443,46,55687,0,0,1,0,1
1444,46,56173,1,1,0,1,1
1445,46,139,1,1,1,1,0
1446,46,139,1,1,1,1,1
1447,46,139,0,0,0,1,1
1448,46,56113,0,0,1,0,0
1449,46,111316,0,1,1,1,1
1450,46,136,0,1,1,1,0
1451,46,139,0,1,1,0,1
1452,46,112337,0,1,1,0,0
1453,46,139,1,0,0,0,0
1454,46,113535,0,0,0,1,0
1455,46,56327,1,0,1,0,1
1456,46,110580,1,0,1,0,0
1457,46,109919,0,0,0,0,1
1458,46,54090,1,0,0,1,0
1459,46,55875,1,0,0,1,0
1460,46,139,0,0,0,0,0
1461,46,55091,0,1,0,0,1
1462,46,139,0,1,1,1,0
1463,46,55751,0,1,0,0,1
1464,46,114089,1,1,1,0,0
1465,46,139,1,0,0,0,0
1466,46,114233,1,0,1,1,1
1467,46,55533,1,1,0,1,0
1468,46,113582,0,0,0,1,0
1469,46,55826,1,1,0,1,0
1470,46,56004,1,0,1,0,1
1471,46,55532,0,0,1,0,1
1472,46,139,0,0,1,1,0
1473,47,139,0,1,0,1,0
1474,47,139,0,0,0,0,0
1475,47,58492,0,0,1,0,1
1476,47,115163,1,1,1,0,0
1477,47,57715,0,1,0,0,0
1478,47,139,0,1,1,1,0
1479,47,115752,0,0,0,0,1
1480,47,57543,0,1,0,1,1
1481,47,115323,0,0,0,1,0
1482,47,115888,1,0,1,1,0
1483,47,115441,1,0,1,1,0
1484,47,139,1,1,1,0,1
1485,47,139,0,1,1,0,1
1486,47,116422,1,0,1,0,0
1487,47,57143,0,1,0,1,1
1488,47,57871,1,1,0,0,0
1489,47,57530,0,1,0,1,1
1490,47,115071,1,0,1,1,1
1491,47,139,1,1,1,0,1
1492,47,130,1,1,1,1,1
1493,47,114768,1,0,0,0,1
1494,47,140,0,0,0,1,1
1495,47,114631,1,1,0,0,1
1496,47,57486,0,0,1,0,0
1497,47,56256,0,1,0,0,1
1498,47,115900,0,0,0,0,1
1499,47,58083,0,0,1,0,0
1500,47,55952,1,0,1,0,1
1501,47,139,0,0,0,0,0
1502,47,139,0,1,0,1,0
1503,47,56923,1,1,0,1,1
1504,47,139,1,1,1,0,1
1505,48,139,0,1,0,1,0
1506,48,139,0,0,0,1,1
1507,48,139,0,1,1,1,0
1508,48,117307,0,1,1,0,0
1509,48,139,0,1,0,1,0
1510,48,58773,1,1,0,1,1
1511,48,57809,0,1,0,1,1
1512,48,118148,1,1,1,0,0
1513,48,59128,0,0,1,0,0
1514,48,118627,1,1,0,0,1
1515,48,117125,1,0,1,1,0
1516,48,57414,1,0,1,0,1
1517,48,117733,1,0,1,1,1
1518,48,140,0,1,1,0,1
1519,48,58723,1,1,0,1,1
1520,48,118154,1,0,0,1,1
1521,48,57982,0,1,0,0,1
1522,48,139,1,1,1,0,1
1523,48,59087,0,1,0,0,0
1524,48,117950,1,0,1,1,1
1525,48,118395,1,0,1,1,0
1526,48,118760,0,0,0,0,1
1527,48,139,0,1,1,1,0
1528,48,58651,1,0,0,1,0
1529,48,110132,1,0,1,0,0
1530,48,110472,1,0,0,1,1
1531,48,113301,1,0,1,0,0
1532,48,57848,0,0,1,0,1
1533,48,118009,0,1,1,1,1
1534,48,141,1,1,1,1,1
1535,48,139,0,0,1,1,0
1536,48,59264,1,1,0,1,0
1537,49,59505,0,0,1,0,1
1538,49,121327,1,0,0,1,1
1539,49,120288,0,0,0,1,0
1540,49,118779,1,0,0,1,1
1541,49,140,0,0,0,1,1
1542,49,139,0,0,0,1,1
1543,49,60136,1,1,0,1,0
1544,49,120089,0,1,1,1,1
1545,49,139,1,1,1,1,1
1546,49,139,0,1,1,0,1
1547,49,60108,1,1,0,1,1
1548,49,119424,1,0,1,1,0
1549,49,59280,0,0,1,0,0
1550,49,120437,0,1,1,0,0
1551,49,120569,1,0,1,1,1
1552,49,58650,0,1,0,0,1
1553,49,120810,1,0,1,0,0
1554,49,137,0,0,1,1,0
1555,49,139,0,0,0,0,0
1556,49,60464,1,0,0,1,0
1557,49,121283,0,0,0,1,0
1558,49,59596,0,1,0,0,1
1559,49,58072,1,0,1,0,1
1560,49,142,0,1,1,1,0
1561,49,111470,0,0,0,1,0
1562,49,55406,0,1,0,1,1
1563,49,54313,0,0,1,0,0
1564,49,139,1,1,1,1,1
1565,49,135,1,1,1,1,1
1566,49,113404,0,0,0,1,0
1567,49,54115,0,0,1,0,0
1568,49,108577,0,1,1,1,1
1569,50,136,0,0,0,1,1
1570,50,54192,1,1,0,0,0
1571,50,135,0,1,0,1,0
1572,50,55958,0,1,0,0,1
1573,50,58597,1,0,1,0,1
1574,50,112,0,0,0,1,1
1575,50,117718,0,1,1,1,1
1576,50,113186,1,0,1,1,1
1577,50,118263,1,0,1,1,1
1578,50,58523,1,1,0,1,1
1579,50,114044,0,0,0,1,0
1580,50,129,0,0,1,1,0
1581,50,110,0,1,1,1,0
1582,50,127,0,1,1,1,0
1583,50,109,1,1,1,0,1
1584,50,57955,1,1,0,1,1
1585,50,113587,1,0,0,1,1
1586,50,112148,1,0,0,1,1
1587,50,57486,0,1,0,0,1
1588,50,113088,1,0,0,0,1
1589,50,114271,0,0,0,0,1
1590,50,114266,1,0,0,0,1
1591,50,56104,1,1,0,0,0
1592,50,114709,1,0,0,1,1
1593,50,57942,0,0,1,0,0
1594,50,131,1,1,1,1,0
1595,50,115984,0,1,1,0,0
1596,50,113495,1,0,1,1,0
1597,50,139,1,1,1,1,0
1598,50,56125,0,0,1,1,1
1599,50,108,0,1,1,1,0
1600,50,132,1,1,1,0,1
1601,51,115068,0,0,0,0,1
1602,51,116532,0,0,0,1,0
1603,51,116117,0,0,0,0,1
1604,51,111,0,0,1,1,0
1605,51,121834,1,1,1,0,0
1606,51,118805,1,0,1,0,0
1607,51,58584,1,0,1,0,1
1608,51,131,0,1,1,1,0
1609,51,112,1,1,1,1,1
1610,51,117758,0,1,1,0,0
1611,51,60679,1,1,0,0,0
1612,51,58598,0,1,0,1,1
1613,51,59924,0,0,1,1,1
1614,51,60593,0,1,0,0,1
1615,51,57267,0,0,1,1,1
1616,51,110,1,1,1,1,0
1617,51,60722,0,1,0,0,0
1618,51,60415,1,1,0,1,0
1619,51,131,0,0,0,0,0
1620,51,140,1,1,1,0,1
1621,51,121636,0,0,0,1,0
1622,51,120762,1,0,0,0,1
1623,51,58609,0,1,0,0,0
1624,51,118,0,1,1,1,0
1625,51,129,0,0,0,1,1
1626,51,130,1,1,1,1,1
1627,51,244,0,1,0,1,0
1628,51,60438,1,0,1,0,1
1629,51,113,1,1,1,1,0
1630,51,119645,0,1,1,0,0
1631,51,58112,1,1,0,1,1
1632,51,129,1,1,1,1,0
1633,52,59348,0,1,0,0,1
1634,52,118227,1,0,1,1,0
1635,52,119141,0,1,1,0,0
1636,52,58479,0,1,0,0,0
1637,52,58429,0,1,0,0,1
1638,52,118309,1,1,1,0,0
1639,52,106,1,0,0,0,0
1640,52,59343,1,0,0,1,0
1641,52,110,0,1,0,1,0
1642,52,59454,0,1,0,0,1
1643,52,116162,0,1,1,0,0
1644,52,58067,0,1,0,1,1
1645,52,136,1,1,1,1,0
1646,52,59447,1,1,0,1,0
1647,52,129,0,1,1,0,1
1648,52,119105,0,0,0,1,0
1649,52,142,1,1,1,0,1
1650,52,118479,1,0,1,1,1
1651,52,137,0,1,0,1,0
1652,52,57914,1,1,0,1,0
1653,52,130,0,1,1,1,0
1654,52,116119,1,0,1,1,1
1655,52,58109,1,0,0,1,0
1656,52,139,1,1,1,0,1
1657,52,116198,0,1,1,1,1
1658,52,121562,1,0,1,0,0
1659,52,139,0,0,1,1,0
1660,52,120651,1,0,1,0,0
1661,52,60223,0,0,1,1,1
1662,52,135,0,1,1,0,1
1663,52,130,1,1,1,0,1
1664,52,59667,1,1,0,0,0
1665,53,60647,1,1,0,1,0
1666,53,63684,1,0,0,1,0
1667,53,135,0,0,0,0,0
1668,53,129,1,1,1,1,0
1669,53,105,1,1,1,1,0
1670,53,130,0,0,0,0,0
1671,53,62888,0,1,0,0,0
1672,53,131,1,0,0,0,0
1673,53,119,1,1,1,0,1
1674,53,123649,1,0,1,1,0
1675,53,121,0,1,0,1,0
1676,53,61476,1,0,1,0,1
1677,53,122308,1,1,0,0,1
1678,53,62783,1,1,0,1,1
1679,53,139,0,1,1,1,0
1680,53,129326,1,0,0,1,1
1681,53,61167,1,0,1,0,1
1682,53,60007,1,1,0,1,1
1683,53,60302,0,0,1,1,1
1684,53,126031,1,0,0,0,1
1685,53,121396,0,1,1,0,0
1686,53,123,1,1,1,0,1
1687,53,111,0,0,1,1,0
1688,53,126487,0,1,1,0,0
1689,53,136,0,0,0,0,0
1690,53,61768,0,0,1,0,0
1691,53,128469,1,0,1,0,0
1692,53,62578,0,0,1,0,0
1693,53,139,0,0,0,1,1
1694,53,64806,0,1,0,0,1
1695,53,126792,1,1,0,0,1
1696,53,120,0,1,0,1,0
1697,54,136,0,0,0,1,1
1698,54,133411,1,0,0,0,1
1699,54,63147,1,1,0,1,1
1700,54,130340,1,0,1,1,1
1701,54,65000,1,0,0,1,0
1702,54,63320,0,1,0,0,0
1703,54,139,1,1,1,1,1
1704,54,131015,1,1,1,0,0
1705,54,63814,1,1,0,0,0
1706,54,131384,0,0,0,1,0
1707,54,130855,0,1,1,0,0
1708,54,132111,0,1,1,1,1
1709,54,130536,1,0,0,1,1
1710,54,133,1,1,1,1,0
1711,54,133375,1,0,1,0,0
1712,54,140,1,1,1,1,0
1713,54,124000,0,0,0,1,0
1714,54,62667,1,1,0,1,1
1715,54,105,0,0,1,1,0
1716,54,123652,0,0,0,1,0
1717,54,127146,1,0,1,0,0
1718,54,129939,1,0,1,1,0
1719,54,129487,1,0,1,1,1
1720,54,130793,1,1,0,0,1
1721,54,128043,0,0,0,0,1
1722,54,64052,0,0,1,0,1
1723,54,130961,1,1,0,0,1
1724,54,63776,0,0,1,0,0
1725,54,62846,1,1,0,0,0
1726,54,139,1,1,1,1,0
1727,54,66113,1,1,0,1,0
1728,54,133092,1,0,1,1,0
1729,55,139,1,1,1,0,1
1730,55,140,1,1,1,1,1
1731,55,66940,1,0,1,0,1
1732,55,139,0,0,1,1,0
1733,55,65372,0,0,1,0,0
1734,55,66292,0,1,0,1,1
1735,55,109,0,0,0,0,0
1736,55,139,1,1,1,1,1
1737,55,131946,0,0,0,1,0
1738,55,140,0,0,0,0,0
1739,55,134293,1,0,1,1,0
1740,55,138,0,1,0,1,0
1741,55,140,1,1,1,1,1
1742,55,140,1,0,0,0,0
1743,55,68033,0,0,1,1,1
1744,55,134513,1,1,0,0,1
1745,55,138,0,0,0,0,0
1746,55,134146,1,1,0,0,1
1747,55,130425,1,0,1,0,0
1748,55,143,0,1,0,1,0
1749,55,65673,0,1,0,0,0
1750,55,131854,0,1,1,0,0
1751,55,126657,1,0,1,0,0
1752,55,139,0,0,0,1,1
1753,55,127211,1,0,1,1,1
1754,55,130,0,0,1,1,0
1755,55,141,0,1,1,1,0
1756,55,64254,1,1,0,1,1
1757,55,66614,0,0,1,0,1
1758,55,130629,1,1,1,0,0
1759,55,134482,1,0,0,1,1
1760,55,132557,0,1,1,1,1
1761,56,67494,1,0,0,1,0
1762,56,68525,1,1,0,0,0
1763,56,68377,0,0,1,0,1
1764,56,135090,0,0,0,1,0
1765,56,134254,1,0,0,0,1
1766,56,67830,0,1,0,0,1
1767,56,67772,0,1,0,0,0
1768,56,139,1,1,1,1,0
1769,56,139,0,0,0,1,1
1770,56,136964,1,0,1,1,1
1771,56,139,0,0,0,1,1
1772,56,139,1,1,1,1,1
1773,56,67655,1,1,0,1,0
1774,56,68046,0,1,0,0,1
1775,56,134737,1,0,1,1,0
1776,56,138,0,0,0,0,0
1777,56,67855,1,0,0,1,0
1778,56,113,1,1,1,1,0
1779,56,67771,0,1,0,1,1
1780,56,139,1,0,0,0,0
1781,56,135336,0,0,0,1,0
1782,56,133125,1,1,0,0,1
1783,56,138,0,0,1,1,0
1784,56,139,1,0,0,0,0
1785,56,139,1,0,0,0,0
1786,56,139,0,1,1,0,1
1787,56,110,0,1,0,1,0
1788,56,67835,0,0,1,0,1
1789,56,127293,1,0,0,1,1
1790,56,129845,0,0,0,0,1
1791,56,128600,0,0,0,0,1
1792,56,65318,0,0,1,0,0
1793,57,133542,1,1,1,0,0
1794,57,64579,0,1,0,0,1
1795,57,127,0,0,0,0,0
1796,57,66189,1,0,0,1,0
1797,57,139,0,1,0,1,0
1798,57,68379,1,1,0,0,0
1799,57,140,1,1,1,1,1
1800,57,130,1,1,1,1,0
1801,57,120,1,1,1,1,1
1802,57,107,0,1,0,1,0
1803,57,128,1,1,1,1,0
1804,57,66606,0,0,1,0,1
1805,57,138836,0,0,0,0,1
1806,57,139,1,0,0,0,0
1807,57,69384,0,1,0,0,1
1808,57,140461,1,1,0,0,1
1809,57,70472,0,1,0,0,1
1810,57,139590,1,0,1,1,1
1811,57,68758,0,0,1,1,1
1812,57,139,0,1,1,0,1
1813,57,139899,1,0,1,1,0
1814,57,139,0,1,1,0,1
1815,57,69742,1,1,0,1,1
1816,57,69606,1,1,0,0,0
1817,57,139420,1,0,1,1,0
1818,57,141132,1,0,1,1,1
1819,57,139,0,0,1,1,0
1820,57,141116,1,0,1,1,1
1821,57,140,1,1,1,1,1
1822,57,139875,1,0,1,1,1
1823,57,141393,1,0,1,1,1
1824,57,137,0,0,0,1,1
1825,58,142840,0,1,1,1,1
1826,58,142019,0,1,1,0,0
1827,58,139,0,0,1,1,0
1828,58,70920,0,1,0,0,1
1829,58,142337,0,1,1,1,1
1830,58,141245,1,1,1,0,0
1831,58,139,1,0,0,0,0
1832,58,143000,0,0,0,1,0
1833,58,71201,1,1,0,0,0
1834,58,142066,0,0,0,1,0
1835,58,70296,1,1,0,1,1
1836,58,139,0,0,1,1,0
1837,58,70469,0,1,0,0,0
1838,58,71411,1,0,1,0,1
1839,58,70743,1,1,0,1,1
1840,58,139,0,1,0,1,0
1841,58,71225,0,1,0,1,1
1842,58,70424,0,1,0,1,1
1843,58,71252,1,1,0,1,0
1844,58,130,1,0,0,0,0
1845,58,71017,0,1,0,0,0
1846,58,142610,0,0,0,0,1
1847,58,70330,1,0,0,1,0
1848,58,139,1,1,1,1,1
1849,58,137,0,1,1,0,1
1850,58,140,0,1,1,0,1
1851,58,70915,1,1,0,0,0
1852,58,142216,1,1,0,0,1
1853,58,70551,1,1,0,0,0
1854,58,139,1,1,1,0,1
1855,58,141,0,0,1,1,0
1856,58,139,0,1,1,1,0
1857,59,144307,1,1,1,0,0
1858,59,137,0,1,1,1,0
1859,59,138,0,1,1,0,1
1860,59,73407,0,1,0,0,1
1861,59,72198,0,1,0,1,1
1862,59,139,0,0,0,1,1
1863,59,72146,0,0,1,1,1
1864,59,144190,0,1,1,0,0
1865,59,71652,0,0,1,0,1
1866,59,139,1,1,1,0,1
1867,59,72461,0,1,0,0,0
1868,59,137,0,0,0,0,0
1869,59,73211,0,0,1,1,1
1870,59,124,0,0,1,1,0
1871,59,140,0,0,0,1,1
1872,59,146760,0,1,1,0,0
1873,59,140,1,0,0,0,0
1874,59,145345,1,0,0,1,1
1875,59,72851,1,1,0,1,1
1876,59,72055,0,0,1,0,0
1877,59,139,0,1,1,0,1
1878,59,145917,0,0,0,1,0
1879,59,72318,1,1,0,0,0
1880,59,139,0,1,1,1,0
1881,59,139,0,0,0,1,1
1882,59,146037,1,0,0,1,1
1883,59,71736,1,1,0,1,1
1884,59,139,1,1,1,1,0
1885,59,71936,0,0,1,0,0
1886,59,73003,0,0,1,0,0
1887,59,71859,1,1,0,0,0
1888,59,139,0,1,1,1,0
1889,60,147027,0,1,1,0,0
1890,60,139,0,0,0,1,1
1891,60,73644,0,0,1,0,1
1892,60,139,1,0,0,0,0
1893,60,74146,0,0,1,0,1
1894,60,147525,1,0,1,1,0
1895,60,74220,0,1,0,1,1
1896,60,146716,0,1,1,1,1
1897,60,139,1,1,1,0,1
1898,60,74444,0,0,1,0,1
1899,60,146883,1,0,1,1,1
1900,60,73886,1,1,0,0,0
1901,60,147183,1,0,0,0,1
1902,60,72889,1,1,0,1,1
1903,60,73178,1,1,0,1,0
1904,60,139,0,1,1,0,1
1905,60,74503,1,1,0,1,0
1906,60,147094,0,1,1,0,0
1907,60,147085,1,1,0,0,1
1908,60,148200,1,0,1,1,0
1909,60,139,0,0,1,1,0
1910,60,147109,0,0,0,0,1
1911,60,73438,0,0,1,0,0
1912,60,146871,1,0,1,1,1
1913,60,147832,1,0,0,1,1
1914,60,146952,1,1,1,0,0
1915,60,146845,0,0,0,0,1
1916,60,72916,1,1,0,1,0
1917,60,73350,0,1,0,0,0
1918,60,139,1,1,1,1,1
1919,60,139,0,1,1,1,0
1920,60,148871,1,0,1,1,1
1921,61,73880,0,0,1,0,0
1922,61,149000,1,0,1,1,0
1923,61,149639,1,0,0,0,1
1924,61,139,0,1,0,1,0
1925,61,150034,1,1,1,0,0
1926,61,149175,0,1,1,0,0
1927,61,74658,0,1,0,0,1
1928,61,147489,0,1,1,0,0
1929,61,149490,1,0,0,1,1
1930,61,139,1,1,1,0,1
1931,61,75190,1,1,0,0,0
1932,61,150054,1,0,0,1,1
1933,61,125,0,1,1,1,0
1934,61,139,0,1,0,1,0
1935,61,74907,0,0,1,0,1
1936,61,139,0,0,1,1,0
1937,61,139,1,0,0,0,0
1938,61,150660,0,0,0,1,0
1939,61,74618,1,1,0,1,0
1940,61,151295,0,1,1,0,0
1941,61,149452,0,1,1,1,1
1942,61,73306,1,0,0,1,0
1943,61,73587,0,1,0,0,0
1944,61,139,1,1,1,1,0
1945,61,151363,0,1,1,0,0
1946,61,149926,1,0,1,1,1
1947,61,146759,0,1,1,1,1
1948,61,140,1,0,0,0,0
1949,61,74964,0,1,0,1,1
1950,61,150874,0,1,1,0,0
1951,61,150220,0,1,1,0,0
1952,61,74310,0,0,1,0,1
1953,62,139,0,1,1,1,0
1954,62,151980,1,0,1,1,1
1955,62,76496,1,1,0,0,0
1956,62,152063,0,0,0,1,0
1957,62,139,0,0,1,1,0
1958,62,152764,1,1,0,0,1
1959,62,139,0,0,0,0,0
1960,62,139,1,0,0,0,0
1961,62,76674,0,0,1,0,0
1962,62,153771,0,1,1,1,1
1963,62,151701,0,0,0,1,0
1964,62,76623,1,1,0,0,0
1965,62,153314,0,1,1,0,0
1966,62,151314,1,0,1,1,0
1967,62,138,0,0,0,0,0
1968,62,74860,0,1,0,0,1
1969,62,151385,0,0,0,1,0
1970,62,75945,0,1,0,1,1
1971,62,139,1,0,0,0,0
1972,62,152880,0,1,1,0,0
1973,62,74144,1,1,0,1,1
1974,62,139,0,1,0,1,0
1975,62,153625,1,0,1,1,0
1976,62,139,1,1,1,1,0
1977,62,75580,1,0,1,0,1
1978,62,75266,0,0,1,0,0
1979,62,139,0,0,1,1,0
1980,62,75992,1,0,1,0,1
1981,62,152845,1,0,0,1,1
1982,62,76077,1,1,0,1,1
1983,62,152776,1,0,0,1,1
1984,62,151817,0,0,0,1,0
1985,63,155153,0,0,0,0,1
1986,63,76551,1,0,0,1,0
1987,63,139,0,1,0,1,0
1988,63,156290,1,0,1,1,0
1989,63,154814,1,1,0,0,1
1990,63,154206,0,0,0,0,1
1991,63,77777,0,0,1,1,1
1992,63,138,0,0,0,0,0
1993,63,77371,0,1,0,0,0
1994,63,152417,1,0,1,1,1
1995,63,139,0,1,1,0,1
1996,63,140,1,1,1,1,1
1997,63,155406,1,0,0,1,1
1998,63,154667,1,0,0,1,1
1999,63,77888,0,0,1,0,1
2000,63,139,0,0,1,1,0
2001,63,154946,0,0,0,0,1
2002,63,77361,0,0,1,0,0
2003,63,76471,0,1,0,0,0
2004,63,77768,0,1,0,1,1
2005,63,77610,0,1,0,0,1
2006,63,76986,1,1,0,1,1
2007,63,153827,0,1,1,0,0
2008,63,156047,0,1,1,0,0
2009,63,139,0,1,1,0,1
2010,63,139,1,1,1,1,1
2011,63,139,0,0,0,1,1
2012,63,77671,1,1,0,1,0
2013,63,77844,0,1,0,0,0
2014,63,139,1,1,1,1,0
2015,63,139,0,1,1,0,1
2016,63,155583,0,1,1,1,1
2017,64,78517,1,0,1,0,1
2018,64,78620,0,0,1,0,1
2019,64,157292,0,0,0,1,0
2020,64,157127,0,0,0,1,0
2021,64,78598,0,1,0,0,1
2022,64,77762,0,1,0,0,1
2023,64,158442,0,0,0,1,0
2024,64,139,0,1,1,1,0
2025,64,77494,1,0,1,0,1
2026,64,140,0,0,0,1,1
2027,64,78913,1,0,1,0,1
2028,64,78622,1,1,0,0,0
2029,64,78624,1,0,1,0,1
2030,64,157122,0,0,0,1,0
2031,64,139,0,0,0,0,0
2032,64,139,1,0,0,0,0
2033,64,79028,1,1,0,1,1
2034,64,139,1,1,1,1,0
2035,64,139,0,0,0,1,1
2036,64,141,1,1,1,1,1
2037,64,158410,1,0,0,0,1
2038,64,79131,1,0,1,0,1
2039,64,139,1,0,0,0,0
2040,64,157455,0,1,1,0,0
2041,64,139,0,1,1,1,0
2042,64,78240,0,0,1,1,1
2043,64,78138,1,1,0,0,0
2044,64,156935,1,0,1,0,0
2045,64,139,0,1,0,1,0
2046,64,77477,1,1,0,1,0
2047,64,78861,0,0,1,0,0
2048,64,77616,0,1,0,0,1
2049,65,80570,1,1,0,0,0
2050,65,139,0,1,1,0,1
2051,65,161038,0,0,0,1,0
2052,65,139,0,0,1,1,0
2053,65,139,0,0,1,1,0
2054,65,139,0,0,0,1,1
2055,65,159892,1,0,0,1,1
2056,65,139,1,1,1,1,1
2057,65,159249,1,0,1,0,0
2058,65,159817,1,1,1,0,0
2059,65,140,0,1,1,1,0
2060,65,79511,0,1,0,0,0
2061,65,155526,0,1,1,1,1
2062,65,158114,0,1,1,0,0
2063,65,139,0,0,0,0,0
2064,65,160680,1,0,1,0,0
2065,65,139,1,0,0,0,0
2066,65,139,1,1,1,0,1
2067,65,158850,1,0,1,0,0
2068,65,80009,1,1,0,0,0
2069,65,80004,0,0,1,0,1
2070,65,139,1,0,0,0,0
2071,65,159944,0,1,1,0,0
2072,65,139,0,1,1,0,1
2073,65,78696,0,0,1,0,0
2074,65,78800,1,1,0,0,0
2075,65,139,1,1,1,1,0
2076,65,160051,0,1,1,1,1
2077,65,158371,1,0,0,0,1
2078,65,157588,0,1,1,1,1
2079,65,79752,1,1,0,0,0
2080,65,159863,1,0,1,0,0
2081,66,130,1,1,1,1,1
2082,66,131,1,1,1,0,1
2083,66,139,0,1,1,1,0
2084,66,139,0,1,1,0,1
2085,66,81537,0,1,0,1,1
2086,66,139,0,0,0,0,0
2087,66,80183,0,1,0,0,0
2088,66,162570,1,0,1,1,1
2089,66,80782,0,1,0,0,0
2090,66,81060,0,0,1,1,1
2091,66,162146,1,0,1,0,0
2092,66,80162,0,1,0,0,1
2093,66,139,0,0,1,1,0
2094,66,163708,1,0,1,1,0
2095,66,162904,1,0,0,1,1
2096,66,81363,1,0,1,0,1
2097,66,162536,1,1,1,0,0
2098,66,162998,1,0,0,0,1
2099,66,80336,0,1,0,0,0
2100,66,80950,0,0,1,0,1
2101,66,161453,0,0,0,0,1
2102,66,78925,0,1,0,0,1
2103,66,80973,1,1,0,1,1
2104,66,162131,1,1,0,0,1
2105,66,80418,0,0,1,0,1
2106,66,80961,1,1,0,0,0
2107,66,80252,1,1,0,1,0
2108,66,81091,0,1,0,1,1
2109,66,81005,1,1,0,1,0
2110,66,160472,1,0,1,1,0
2111,66,160351,1,0,0,0,1
2112,66,139,0,0,1,1,0
2113,67,165245,0,0,0,1,0
2114,67,164623,0,1,1,0,0
2115,67,139,1,1,1,1,0
2116,67,82166,1,1,0,1,1
2117,67,81183,1,0,0,1,0
2118,67,139,1,1,1,1,1
2119,67,82404,0,0,1,0,1
2120,67,164280,0,1,1,1,1
2121,67,164302,1,0,0,1,1
2122,67,123,0,1,1,0,1
2123,67,164259,0,1,1,1,1
2124,67,139,1,0,0,0,0
2125,67,139,0,1,1,1,0
2126,67,139,1,1,1,1,1
2127,67,163614,1,1,0,0,1
2128,67,75803,1,1,0,1,0
2129,67,82289,0,1,0,0,1
2130,67,139,1,1,1,1,1
2131,67,163853,1,1,0,0,1
2132,67,164438,1,1,1,0,0
2133,67,82233,1,1,0,0,0
2134,67,162706,1,0,1,1,1
2135,67,81386,1,0,0,1,0
2136,67,132,1,1,1,1,0
2137,67,80968,0,0,1,0,1
2138,67,162804,1,1,1,0,0
2139,67,162124,0,0,0,0,1
2140,67,82170,0,0,1,1,1
2141,67,81919,1,1,0,0,0
2142,67,140,1,0,0,0,0
2143,67,139,1,1,1,0,1
2144,67,81471,1,0,1,0,1
2145,68,166798,1,0,0,1,1
2146,68,139,0,0,0,0,0
2147,68,168490,1,0,1,1,1
2148,68,139,0,1,0,1,0
2149,68,83889,0,0,1,0,1
2150,68,81736,1,1,0,1,0
2151,68,83938,0,0,1,1,1
2152,68,83985,0,1,0,1,1
2153,68,137,1,0,0,0,0
2154,68,166096,0,1,1,1,1
2155,68,165885,0,0,0,1,0
2156,68,139,1,1,1,1,1
2157,68,83239,1,1,0,1,0
2158,68,82311,0,0,1,1,1
2159,68,83009,0,1,0,0,1
2160,68,138,0,0,1,1,0
2161,68,168101,1,1,0,0,1
2162,68,168445,1,1,1,0,0
2163,68,83590,0,1,0,0,1
2164,68,82403,1,0,0,1,0
2165,68,83190,0,1,0,0,0
2166,68,166131,1,0,0,0,1
2167,68,139,1,1,1,1,0
2168,68,107,0,1,1,1,0
2169,68,82821,0,1,0,0,0
2170,68,82985,0,0,1,0,0
2171,68,83259,0,1,0,0,0
2172,68,139,0,1,1,0,1
2173,68,166081,1,1,0,0,1
2174,68,82782,0,0,1,1,1
2175,68,82457,0,0,1,1,1
2176,68,167472,1,0,0,0,1
2177,69,169529,1,0,1,1,0
2178,69,139,0,1,1,1,0
2179,69,139,1,1,1,1,1
2180,69,85345,1,1,0,0,0
2181,69,84248,0,1,0,1,1
2182,69,85299,0,1,0,1,1
2183,69,169631,1,0,1,1,1
2184,69,84541,1,1,0,0,0
2185,69,84905,0,0,1,1,1
2186,69,169259,1,0,1,0,0
2187,69,168783,1,0,1,1,0
2188,69,168752,0,1,1,1,1
2189,69,85724,0,0,1,1,1
2190,69,169729,1,0,0,0,1
2191,69,84331,0,1,0,1,1
2192,69,139,0,1,0,1,0
2193,69,84672,1,0,0,1,0
2194,69,169548,0,1,1,1,1
2195,69,84434,0,0,1,1,1
2196,69,139,1,1,1,1,0
2197,69,84559,0,1,0,0,1
2198,69,169636,1,0,1,1,0
2199,69,136,1,1,1,1,0
2200,69,139,1,1,1,0,1
2201,69,84822,0,1,0,0,0
2202,69,168951,0,0,0,1,0
2203,69,169196,0,0,0,1,0
2204,69,84560,0,0,1,0,1
2205,69,83778,1,0,1,0,1
2206,69,168988,0,0,0,0,1
2207,69,170280,0,0,0,1,0
2208,69,84695,0,1,0,0,0
2209,70,171984,0,1,1,1,1
2210,70,86604,1,0,1,0,1
2211,70,84983,1,0,0,1,0
2212,70,139,1,1,1,0,1
2213,70,86007,1,1,0,1,0
2214,70,85854,0,1,0,1,1
2215,70,169511,1,1,1,0,0
2216,70,85328,1,1,0,0,0
2217,70,170780,1,1,1,0,0
2218,70,85443,0,1,0,0,1
2219,70,172529,0,1,1,0,0
2220,70,139,0,1,0,1,0
2221,70,139,0,1,1,1,0
2222,70,86010,1,1,0,1,1
2223,70,170920,0,1,1,1,1
2224,70,170844,1,0,1,1,1
2225,70,139,1,1,1,1,1
2226,70,139,0,0,0,0,0
2227,70,139,0,0,1,1,0
2228,70,139,0,0,0,1,1
2229,70,87182,0,1,0,1,1
2230,70,172230,1,0,0,0,1
2231,70,85236,1,1,0,1,0
2232,70,86031,1,0,0,1,0
2233,70,170976,1,0,1,0,0
2234,70,84730,1,1,0,1,0
2235,70,139,0,1,1,1,0
2236,70,171457,0,1,1,0,0
2237,70,171908,1,0,1,0,0
2238,70,85882,0,0,1,0,1
2239,70,86283,1,1,0,0,0
2240,70,85281,1,1,0,1,1
2241,71,174228,0,1,1,0,0
2242,71,87146,1,1,0,1,1
2243,71,165312,1,0,0,0,1
2244,71,130,0,0,0,0,0
2245,71,139,0,1,1,0,1
2246,71,162835,1,0,1,1,1
2247,71,169452,1,0,1,0,0
2248,71,174572,0,1,1,1,1
2249,71,174080,0,0,0,1,0
2250,71,139,1,1,1,1,0
2251,71,139,1,1,1,0,1
2252,71,174794,1,0,1,1,0
2253,71,87013,1,0,1,0,1
2254,71,174061,1,1,0,0,1
2255,71,174986,1,0,1,0,0
2256,71,139,0,1,1,0,1
2257,71,174520,0,1,1,1,1
2258,71,139,0,1,0,1,0
2259,71,174871,1,0,1,1,1
2260,71,139,0,1,1,0,1
2261,71,87479,0,1,0,0,0
2262,71,174249,1,1,0,0,1
2263,71,174498,1,0,0,0,1
2264,71,86448,1,1,0,0,0
2265,71,129,0,0,0,0,0
2266,71,87395,0,1,0,0,0
2267,71,86980,1,0,1,0,1
2268,71,173729,0,0,0,1,0
2269,71,87106,1,1,0,0,0
2270,71,175733,0,1,1,1,1
2271,71,175259,1,0,1,0,0
2272,71,138,0,0,1,1,0
2273,72,174550,0,0,0,1,0
2274,72,138,0,0,0,0,0
2275,72,88218,1,1,0,1,0
2276,72,176571,1,1,1,0,0
2277,72,140,0,1,0,1,0
2278,72,88820,0,1,0,1,1
2279,72,178149,1,0,1,1,0
2280,72,176251,1,0,0,0,1
2281,72,141,0,1,0,1,0
2282,72,139,0,0,1,1,0
2283,72,177016,0,0,0,0,1
2284,72,176105,1,0,0,1,1
2285,72,87340,0,1,0,0,1
2286,72,139,1,1,1,1,1
2287,72,88224,0,1,0,1,1
2288,72,175868,1,0,1,0,0
2289,72,177471,1,0,1,1,1
2290,72,139,0,1,1,1,0
2291,72,89217,1,0,1,0,1
2292,72,175901,0,1,1,1,1
2293,72,139,0,1,0,1,0
2294,72,139,0,0,1,1,0
2295,72,177725,1,0,1,0,0
2296,72,88129,1,1,0,1,0
2297,72,140,0,0,1,1,0
2298,72,89081,1,0,0,1,0
2299,72,175907,0,0,0,0,1
2300,72,175261,1,0,1,0,0
2301,72,140,1,0,0,0,0
2302,72,139,0,0,0,0,0
2303,72,175858,0,1,1,0,0
2304,72,168530,1,0,1,0,0
2305,73,139,0,1,0,1,0
2306,73,140,0,0,1,1,0
2307,73,87254,1,1,0,0,0
2308,73,140,1,1,1,1,1
2309,73,173046,1,0,0,1,1
2310,73,178427,0,0,0,1,0
2311,73,88951,1,1,0,0,0
2312,73,88533,0,0,1,1,1
2313,73,88868,1,1,0,1,0
2314,73,139,1,1,1,0,1
2315,73,89902,0,0,1,0,1
2316,73,178060,1,0,0,0,1
2317,73,179091,1,0,1,1,1
2318,73,177585,1,1,0,0,1
2319,73,139,1,1,1,1,0
2320,73,180887,1,0,1,1,1
2321,73,180385,1,0,1,0,0
2322,73,89192,1,0,0,1,0
2323,73,140,0,0,0,0,0
2324,73,89884,0,1,0,0,0
2325,73,139,0,0,1,1,0
2326,73,179105,1,1,1,0,0
2327,73,139,1,1,1,0,1
2328,73,90444,0,1,0,0,1
2329,73,139,1,1,1,0,1
2330,73,89200,0,0,1,1,1
2331,73,136,0,1,1,1,0
2332,73,89611,1,1,0,1,1
2333,73,177860,1,1,0,0,1
2334,73,180817,0,1,1,0,0
2335,73,179591,1,0,1,1,1
2336,73,141,1,1,1,1,1
2337,74,182191,0,1,1,0,0
2338,74,127,0,1,1,1,0
2339,74,182853,1,0,1,1,1
2340,74,181000,0,0,0,1,0
2341,74,182532,1,0,1,1,0
2342,74,181293,1,0,1,1,0
2343,74,89545,1,1,0,0,0
2344,74,181155,1,1,1,0,0
2345,74,139,0,0,1,1,0
2346,74,182838,1,0,0,0,1
2347,74,90563,0,1,0,0,0
2348,74,90590,0,0,1,1,1
2349,74,139,0,0,1,1,0
2350,74,182373,1,0,1,1,1
2351,74,181561,1,0,0,0,1
2352,74,90908,0,1,0,0,0
2353,74,180767,0,0,0,0,1
2354,74,180836,1,1,1,0,0
2355,74,139,0,0,1,1,0
2356,74,139,0,1,1,0,1
2357,74,92003,0,1,0,1,1
2358,74,181340,1,0,1,1,0
2359,74,137,0,0,1,1,0
2360,74,182050,1,0,1,1,0
2361,74,180995,1,0,1,1,1
2362,74,90667,1,1,0,0,0
2363,74,91287,0,0,1,0,1
2364,74,90617,1,0,1,0,1
2365,74,90826,1,0,0,1,0
2366,74,89896,0,1,0,0,1
2367,74,139,1,0,0,0,0
2368,74,180589,1,0,0,1,1
2369,75,91779,1,1,0,0,0
2370,75,184532,1,1,0,0,1
2371,75,185276,1,0,1,1,0
2372,75,184213,1,0,1,1,0
2373,75,92468,0,1,0,0,0
2374,75,139,1,1,1,1,1
2375,75,185482,1,0,1,1,1
2376,75,183042,1,1,0,0,1
2377,75,181915,1,0,1,0,0
2378,75,92336,0,1,0,1,1
2379,75,184724,0,0,0,1,0
2380,75,140,1,1,1,1,1
2381,75,184835,1,0,0,1,1
2382,75,184722,0,0,0,0,1
2383,75,90886,0,1,0,0,0
2384,75,92214,1,1,0,0,0
2385,75,92182,1,1,0,0,0
2386,75,139,1,1,1,0,1
2387,75,185305,0,0,0,0,1
2388,75,92561,1,1,0,1,1
2389,75,185158,1,0,1,0,0
2390,75,136,0,1,1,1,0
2391,75,91225,1,1,0,0,0
2392,75,92639,0,0,1,0,1
2393,75,183660,1,1,0,0,1
2394,75,92388,1,1,0,0,0
2395,75,184092,1,0,1,0,0
2396,75,91805,1,0,0,1,0
2397,75,139,0,1,0,1,0
2398,75,93194,0,0,1,0,0
2399,75,185218,1,1,0,0,1
2400,75,183672,1,0,1,0,0
2401,76,94009,0,1,0,0,0
2402,76,139,1,1,1,1,0
2403,76,140,0,0,0,0,0
2404,76,187985,1,1,0,0,1
2405,76,93446,0,1,0,0,1
2406,76,186026,1,0,1,0,0
2407,76,186574,0,0,0,0,1
2408,76,185565,0,0,0,1,0
2409,76,139,0,0,0,1,1
2410,76,147,1,1,1,1,0
2411,76,188047,1,0,1,1,1
2412,76,187205,1,1,0,0,1
2413,76,93589,1,1,0,0,0
2414,76,139,0,1,0,1,0
2415,76,188359,0,0,0,0,1
2416,76,186727,1,0,0,0,1
2417,76,91467,0,1,0,1,1
2418,76,187271,1,1,1,0,0
2419,76,187620,0,1,1,0,0
2420,76,139,1,1,1,0,1
2421,76,93402,0,0,1,0,0
2422,76,139,0,1,0,1,0
2423,76,93166,0,1,0,0,0
2424,76,93965,1,1,0,1,0
2425,76,139,0,1,1,0,1
2426,76,140,1,1,1,1,0
2427,76,92994,0,1,0,0,1
2428,76,93062,0,1,0,0,1
2429,76,139,1,1,1,1,1
2430,76,187313,1,0,0,1,1
2431,76,186828,1,1,0,0,1
2432,76,139,1,0,0,0,0
2433,77,139,1,0,0,0,0
2434,77,190637,1,0,1,1,1
2435,77,139,0,1,1,0,1
2436,77,94653,1,1,0,1,0
2437,77,93123,0,1,0,0,0
2438,77,187816,1,0,1,0,0
2439,77,94969,0,1,0,0,0
2440,77,189571,1,0,1,0,0
2441,77,95034,0,0,1,0,1
2442,77,139,0,1,1,1,0
2443,77,139,0,0,0,1,1
2444,77,140,0,1,1,1,0
2445,77,95076,1,1,0,1,1
2446,77,94745,0,0,1,0,1
2447,77,139,1,1,1,1,0
2448,77,95507,1,0,0,1,0
2449,77,93150,0,1,0,0,1
2450,77,139,1,1,1,1,0
2451,77,93768,1,1,0,0,0
2452,77,94986,0,0,1,0,1
2453,77,93773,0,1,0,1,1
2454,77,93340,0,1,0,1,1
2455,77,138,0,0,0,0,0
2456,77,188293,1,0,0,1,1
2457,77,94403,0,0,1,0,1
2458,77,188361,1,0,1,1,1
2459,77,139,0,0,0,0,0
2460,77,94227,0,1,0,0,0
2461,77,188470,0,1,1,1,1
2462,77,133,0,0,0,1,1
2463,77,189189,1,0,0,1,1
2464,77,189124,0,1,1,1,1
2465,78,141,1,0,0,0,0
2466,78,132,0,0,1,1,0
2467,78,139,0,0,1,1,0
2468,78,139,0,1,0,1,0
2469,78,139,1,0,0,0,0
2470,78,140,0,1,0,1,0
2471,78,97523,0,1,0,0,1
2472,78,192706,1,0,0,1,1
2473,78,191413,1,1,0,0,1
2474,78,95842,0,0,1,1,1
2475,78,139,0,0,0,1,1
2476,78,139,1,1,1,1,1
2477,78,95671,1,0,1,0,1
2478,78,191739,1,0,0,1,1
2479,78,95559,0,1,0,0,1
2480,78,191666,1,0,0,1,1
2481,78,95216,1,0,0,1,0
2482,78,192845,0,1,1,0,0
2483,78,191298,0,1,1,1,1
2484,78,95288,1,1,0,0,0
2485,78,95514,0,0,1,0,0
2486,78,192091,1,0,1,1,0
2487,78,192527,1,0,1,1,1
2488,78,191282,1,0,1,1,0
2489,78,191782,1,1,0,0,1
2490,78,94847,0,1,0,0,1
2491,78,192153,1,1,0,0,1
2492,78,96451,0,1,0,1,1
2493,78,95902,0,1,0,1,1
2494,78,190371,0,0,0,0,1
2495,78,95474,0,0,1,0,1
2496,78,140,0,0,0,0,0
2497,79,195880,1,1,0,0,1
2498,79,194321,0,0,0,1,0
2499,79,96512,0,1,0,1,1
2500,79,97055,0,1,0,0,0
2501,79,137,0,0,1,1,0
2502,79,193635,0,1,1,0,0
2503,79,96146,0,0,1,0,0
2504,79,97256,0,0,1,1,1
2505,79,96925,1,1,0,0,0
2506,79,122,1,0,0,0,0
2507,79,141,0,1,0,1,0
2508,79,192794,0,1,1,0,0
2509,79,191456,1,0,1,1,1
2510,79,139,0,0,0,0,0
2511,79,194545,0,1,1,1,1
2512,79,140,1,1,1,0,1
2513,79,193876,0,1,1,1,1
2514,79,95737,1,1,0,0,0
2515,79,139,0,0,0,0,0
2516,79,140,0,1,1,0,1
2517,79,193210,1,1,1,0,0
2518,79,97371,0,0,1,0,1
2519,79,97802,1,0,1,0,1
2520,79,97083,1,1,0,0,0
2521,79,140,0,1,1,1,0
2522,79,139,0,0,0,1,1
2523,79,139,0,1,1,1,0
2524,79,193310,1,1,0,0,1
2525,79,139,1,1,1,1,1
2526,79,140,0,1,1,1,0
2527,79,138,0,1,1,0,1
2528,79,97469,1,1,0,1,1
2529,80,139,0,0,0,1,1
2530,80,98944,0,0,1,0,1
2531,80,97670,1,1,0,0,0
2532,80,97877,1,0,1,0,1
2533,80,196501,1,1,1,0,0
2534,80,195884,0,1,1,1,1
2535,80,140,0,1,1,1,0
2536,80,194825,0,0,0,1,0
2537,80,195515,1,0,1,1,0
2538,80,98437,0,1,0,1,1
2539,80,96844,1,0,1,0,1
2540,80,139,0,0,0,1,1
2541,80,136,0,0,0,0,0
2542,80,139,0,1,1,1,0
2543,80,196412,0,1,1,0,0
2544,80,98713,0,1,0,1,1
2545,80,139,1,1,1,0,1
2546,80,143,0,0,1,1,0
2547,80,196193,0,1,1,1,1
2548,80,97182,0,1,0,0,1
2549,80,97517,0,1,0,0,0
2550,80,99281,0,1,0,1,1
2551,80,197327,1,0,0,1,1
2552,80,196862,0,1,1,0,0
2553,80,98805,1,1,0,1,1
2554,80,131,0,1,0,1,0
2555,80,97198,1,1,0,1,1
2556,80,196918,1,1,0,0,1
2557,80,98641,0,0,1,0,1
2558,80,97469,0,1,0,0,0
2559,80,195404,1,0,1,0,0
2560,80,136,0,1,1,0,1
2561,81,199446,1,0,0,0,1
2562,81,139,0,0,0,1,1
2563,81,198155,1,1,0,0,1
2564,81,198045,0,0,0,0,1
2565,81,189473,0,0,0,0,1
2566,81,130,0,0,0,0,0
2567,81,94655,0,1,0,1,1
2568,81,95033,0,0,1,1,1
2569,81,185916,0,1,1,0,0
2570,81,188919,1,0,1,0,0
2571,81,137,0,1,1,1,0
2572,81,131,1,1,1,1,1
2573,81,139,1,1,1,1,1
2574,81,95652,0,1,0,1,1
2575,81,198141,1,0,1,1,1
2576,81,98069,1,0,1,0,1
2577,81,98441,1,1,0,1,1
2578,81,200027,1,0,0,0,1
2579,81,98223,0,0,1,1,1
2580,81,139,1,1,1,0,1
2581,81,139,0,0,0,0,0
2582,81,139,0,1,0,1,0
2583,81,139,0,1,0,1,0
2584,81,199795,1,1,1,0,0
2585,81,98337,1,1,0,0,0
2586,81,139,1,1,1,1,0
2587,81,200896,0,1,1,0,0
2588,81,199707,1,0,0,0,1
2589,81,100259,0,0,1,1,1
2590,81,199734,1,0,0,0,1
2591,81,198938,0,0,0,0,1
2592,81,199663,0,1,1,0,0
2593,82,100353,0,1,0,0,0
2594,82,130,1,0,0,0,0
2595,82,100733,0,1,0,0,1
2596,82,202143,0,1,1,0,0
2597,82,137,0,1,1,1,0
2598,82,100926,1,0,1,0,1
2599,82,100977,1,1,0,1,0
2600,82,100766,0,1,0,1,1
2601,82,201883,1,0,1,0,0
2602,82,200267,0,0,0,1,0
2603,82,99876,0,0,1,0,1
2604,82,139,0,1,1,1,0
2605,82,139,1,1,1,0,1
2606,82,201572,0,1,1,0,0
2607,82,199842,1,0,0,0,1
2608,82,201689,1,0,1,0,0
2609,82,201535,1,1,1,0,0
2610,82,201604,1,0,0,0,1
2611,82,99874,0,1,0,1,1
2612,82,199168,1,0,1,1,0
2613,82,139,0,1,1,1,0
2614,82,201952,0,0,0,1,0
2615,82,140,0,0,0,0,0
2616,82,101118,0,0,1,0,1
2617,82,100708,0,0,1,1,1
2618,82,137,1,1,1,1,1
2619,82,139,0,0,0,0,0
2620,82,139,0,0,0,0,0
2621,82,139,0,0,1,1,0
2622,82,201817,1,0,1,0,0
2623,82,99154,0,0,1,0,1
2624,82,100467,1,1,0,1,0
2625,83,102428,0,1,0,0,0
2626,83,101887,0,0,1,1,1
2627,83,101087,1,0,0,1,0
2628,83,139,0,1,0,1,0
2629,83,204784,1,0,1,1,1
2630,83,139,1,0,0,0,0
2631,83,203507,1,1,0,0,1
2632,83,202252,1,0,0,0,1
2633,83,140,1,1,1,0,1
2634,83,202874,1,0,1,0,0
2635,83,101611,1,1,0,1,0
2636,83,202672,1,0,1,0,0
2637,83,139,0,1,1,1,0
2638,83,102119,1,1,0,0,0
2639,83,101879,0,0,1,1,1
2640,83,139,1,1,1,1,1
2641,83,139,1,1,1,0,1
2642,83,203801,1,0,1,1,0
2643,83,102437,1,0,0,1,0
2644,83,140,0,1,1,0,1
2645,83,203412,1,0,0,1,1
2646,83,101775,1,1,0,1,0
2647,83,202423,1,1,1,0,0
2648,83,108,0,1,1,1,0
2649,83,139,0,0,0,1,1
2650,83,101950,1,1,0,0,0
2651,83,100552,1,0,1,0,1
2652,83,203426,1,0,0,0,1
2653,83,102453,1,0,1,0,1
2654,83,102945,0,1,0,0,0
2655,83,139,0,0,0,0,0
2656,83,203702,1,0,0,0,1
2657,84,137,1,0,0,0,0
2658,84,104167,0,1,0,1,1
2659,84,139,0,1,1,0,1
2660,84,109,0,0,1,1,0
2661,84,140,0,1,1,1,0
2662,84,139,0,1,0,1,0
2663,84,103374,0,1,0,0,1
2664,84,102275,0,0,1,0,0
2665,84,102034,0,1,0,0,0
2666,84,139,0,0,0,1,1
2667,84,139,0,0,0,0,0
2668,84,207242,1,1,0,0,1
2669,84,102030,0,0,1,1,1
2670,84,139,1,1,1,1,1
2671,84,104049,1,1,0,1,1
2672,84,139,1,0,0,0,0
2673,84,206540,0,0,0,0,1
2674,84,205398,1,1,1,0,0
2675,84,204463,0,0,0,0,1
2676,84,205881,1,0,0,0,1
2677,84,139,0,0,0,0,0
2678,84,102791,1,1,0,1,1
2679,84,207858,1,0,1,1,0
2680,84,103146,1,1,0,1,0
2681,84,102063,1,1,0,0,0
2682,84,104612,0,1,0,1,1
2683,84,103003,1,0,0,1,0
2684,84,207092,1,0,0,1,1
2685,84,139,0,1,0,1,0
2686,84,139,1,1,1,0,1
2687,84,103614,0,0,1,0,0
2688,84,103587,0,1,0,0,0
2689,85,104260,0,0,1,0,1
2690,85,139,1,1,1,0,1
2691,85,104314,0,1,0,0,1
2692,85,102444,1,0,1,0,1
2693,85,103299,1,1,0,1,0
2694,85,137,1,1,1,1,1
2695,85,209358,1,0,1,0,0
2696,85,208150,1,0,0,0,1
2697,85,139,1,0,0,0,0
2698,85,103676,0,1,0,1,1
2699,85,104338,1,0,1,0,1
2700,85,103713,1,1,0,0,0
2701,85,102959,0,0,1,0,1
2702,85,104365,0,1,0,1,1
2703,85,104381,1,0,0,1,0
2704,85,104179,0,1,0,0,1
2705,85,139,0,0,0,1,1
2706,85,126,0,0,1,1,0
2707,85,210023,1,0,1,1,0
2708,85,139,1,1,1,1,1
2709,85,207777,1,0,1,1,1
2710,85,104729,1,1,0,0,0
2711,85,103068,1,0,0,1,0
2712,85,208908,1,1,1,0,0
2713,85,139,1,0,0,0,0
2714,85,139,1,1,1,0,1
2715,85,139,0,0,1,1,0
2716,85,209059,0,0,0,1,0
2717,85,103453,1,0,1,0,1
2718,85,103448,0,1,0,1,1
2719,85,209481,1,0,1,1,0
2720,85,103965,1,1,0,1,0
2721,86,105599,0,0,1,0,0
2722,86,105486,1,1,0,0,0
2723,86,106431,1,1,0,1,0
2724,86,209967,0,0,0,1,0
2725,86,139,0,0,1,1,0
2726,86,211974,0,0,0,1,0
2727,86,140,1,1,1,0,1
2728,86,106283,1,0,0,1,0
2729,86,139,0,1,1,1,0
2730,86,139,0,1,1,1,0
2731,86,211130,1,0,0,0,1
2732,86,210002,0,0,0,1,0
2733,86,211256,1,1,1,0,0
2734,86,211111,0,0,0,0,1
2735,86,210427,0,0,0,1,0
2736,86,105447,1,1,0,1,0
2737,86,210949,1,0,0,0,1
2738,86,105953,1,0,0,1,0
2739,86,209902,1,0,0,0,1
2740,86,104953,1,0,1,0,1
2741,86,212038,1,0,1,1,1
2742,86,105995,1,0,0,1,0
2743,86,139,0,0,1,1,0
2744,86,105764,0,1,0,0,0
2745,86,105192,1,0,0,1,0
2746,86,209602,0,0,0,1,0
2747,86,211908,1,0,0,0,1
2748,86,212176,1,0,1,1,0
2749,86,139,0,0,1,1,0
2750,86,139,0,0,0,0,0
2751,86,105419,1,1,0,1,1
2752,86,139,1,1,1,1,0
2753,87,106651,1,0,1,0,1
2754,87,106539,0,1,0,0,1
2755,87,215203,1,0,1,1,0
2756,87,139,1,1,1,1,1
2757,87,139,1,1,1,1,0
2758,87,140,1,1,1,1,1
2759,87,136,0,0,1,1,0
2760,87,213904,1,0,0,1,1
2761,87,137,1,1,1,1,0
2762,87,107449,0,0,1,0,1
2763,87,106458,0,1,0,0,1
2764,87,139,1,1,1,0,1
2765,87,139,1,1,1,1,0
2766,87,214642,1,0,1,1,1
2767,87,106705,0,1,0,0,0
2768,87,139,0,1,1,0,1
2769,87,108095,1,1,0,0,0
2770,87,108351,0,1,0,0,1
2771,87,137,1,1,1,0,1
2772,87,214305,1,0,0,1,1
2773,87,140,0,1,0,1,0
2774,87,106336,0,0,1,0,0
2775,87,107624,1,0,1,0,1
2776,87,213646,1,0,1,1,1
2777,87,213902,0,1,1,1,1
2778,87,214394,1,1,0,0,1
2779,87,106470,1,1,0,1,1
2780,87,139,0,1,0,1,0
2781,87,107264,0,0,1,0,1
2782,87,140,0,1,1,0,1
2783,87,214582,1,0,0,0,1
2784,87,106096,1,1,0,0,0
2785,88,107882,0,1,0,1,1
2786,88,215937,0,0,0,0,1
2787,88,137,1,1,1,1,1
2788,88,139,0,0,1,1,0
2789,88,107874,0,1,0,0,0
2790,88,139,0,0,1,1,0
2791,88,204568,0,0,0,1,0
2792,88,102159,0,0,1,0,0
2793,88,129,1,1,1,1,1
2794,88,209282,0,0,0,1,0
2795,88,215252,0,0,0,1,0
2796,88,131,0,0,0,1,1
2797,88,201110,1,0,1,1,0
2798,88,107635,1,1,0,1,1
2799,88,105649,0,1,0,0,1
2800,88,139,1,1,1,1,0
2801,88,109640,1,0,0,1,0
2802,88,215281,0,0,0,0,1
2803,88,139,0,1,1,1,0
2804,88,139,1,1,1,1,1
2805,88,214657,1,0,1,1,0
2806,88,215248,1,1,1,0,0
2807,88,108280,0,0,1,0,0
2808,88,107565,0,0,1,0,1
2809,88,139,1,1,1,1,1
2810,88,139,1,0,0,0,0
2811,88,216881,1,1,0,0,1
2812,88,120,0,1,1,1,0
2813,88,216559,1,0,1,1,1
2814,88,107524,1,1,0,0,0
2815,88,217107,1,0,0,1,1
2816,88,136,1,0,0,0,0
2817,89,220959,1,0,0,1,1
2818,89,109045,1,0,1,0,1
2819,89,218398,1,0,0,0,1
2820,89,139,0,0,0,0,0
2821,89,110000,0,0,1,0,1
2822,89,220635,0,1,1,0,0
2823,89,139,1,1,1,1,0
2824,89,109247,1,1,0,1,1
2825,89,139,0,1,0,1,0
2826,89,109459,0,1,0,0,0
2827,89,218884,1,0,0,1,1
2828,89,139,0,1,1,1,0
2829,89,220123,0,0,0,0,1
2830,89,218744,0,1,1,1,1
2831,89,139,0,0,0,0,0
2832,89,219532,0,0,0,0,1
2833,89,109751,1,0,0,1,0
2834,89,131,1,1,1,0,1
2835,89,110251,1,0,0,1,0
2836,89,108414,0,0,1,1,1
2837,89,140,1,1,1,0,1
2838,89,217289,1,0,0,1,1
2839,89,139,0,0,0,1,1
2840,89,219262,0,0,0,0,1
2841,89,214205,0,1,1,1,1
2842,89,105682,0,0,1,0,1
2843,89,140,1,1,1,1,0
2844,89,108964,0,1,0,0,0
2845,89,220316,1,0,1,1,1
2846,89,109108,0,0,1,0,0
2847,89,109662,1,1,0,0,0
2848,89,218254,1,1,1,0,0
2849,90,221379,1,0,1,0,0
2850,90,109809,0,0,1,0,0
2851,90,139,1,1,1,0,1
2852,90,221240,1,0,1,0,0
2853,90,139,0,1,1,1,0
2854,90,139,0,0,0,0,0
2855,90,220868,1,1,1,0,0
2856,90,139,0,1,1,0,1
2857,90,220243,0,1,1,1,1
2858,90,138,0,1,0,1,0
2859,90,111286,0,1,0,0,0
2860,90,109407,0,0,1,0,1
2861,90,109809,1,0,1,0,1
2862,90,139,1,0,0,0,0
2863,90,139,1,1,1,1,0
2864,90,220154,1,0,1,1,1
2865,90,136,0,0,0,1,1
2866,90,139,1,1,1,0,1
2867,90,139,1,1,1,0,1
2868,90,139,1,1,1,0,1
2869,90,139,0,1,1,1,0
2870,90,110340,0,0,1,1,1
2871,90,139,0,1,0,1,0
2872,90,221456,1,0,0,1,1
2873,90,221023,1,0,1,0,0
2874,90,220591,1,0,0,1,1
2875,90,110726,1,1,0,0,0
2876,90,141,0,0,0,0,0
2877,90,111226,0,1,0,0,1
2878,90,221369,0,0,0,0,1
2879,90,111578,0,1,0,1,1
2880,90,222195,1,0,1,0,0
2881,91,111632,0,0,1,0,0
2882,91,223162,0,0,0,1,0
2883,91,139,1,1,1,1,1
2884,91,139,0,1,0,1,0
2885,91,223040,1,0,1,1,1
2886,91,140,1,1,1,1,0
2887,91,110950,1,1,0,1,0
2888,91,225122,1,1,0,0,1
2889,91,112959,0,1,0,0,1
2890,91,222009,1,0,1,0,0
2891,91,222868,0,0,0,1,0
2892,91,139,0,1,0,1,0
2893,91,110347,0,0,1,0,0
2894,91,140,0,0,0,1,1
2895,91,224398,1,1,0,0,1
2896,91,139,1,0,0,0,0
2897,91,223432,0,1,1,1,1
2898,91,110904,0,0,1,0,0
2899,91,223230,1,0,1,0,0
2900,91,117,0,0,1,1,0
2901,91,111841,0,0,1,1,1
2902,91,223167,1,0,1,1,1
2903,91,139,0,1,1,1,0
2904,91,225067,1,0,1,1,1
2905,91,111613,1,0,0,1,0
2906,91,224501,1,0,1,1,1
2907,91,138,0,0,0,0,0
2908,91,225814,0,1,1,1,1
2909,91,223218,1,1,1,0,0
2910,91,225292,1,0,1,1,1
2911,91,139,0,1,1,1,0
2912,91,111756,0,1,0,1,1
2913,92,113837,0,1,0,0,0
2914,92,226368,1,0,0,1,1
2915,92,226687,1,0,1,1,0
2916,92,114183,0,0,1,0,0
2917,92,113169,0,0,1,0,0
2918,92,228717,1,0,1,1,0
2919,92,113607,1,0,0,1,0
2920,92,112967,0,0,1,1,1
2921,92,139,0,0,0,0,0
2922,92,139,1,1,1,0,1
2923,92,113125,0,1,0,0,0
2924,92,139,0,0,0,0,0
2925,92,114154,0,0,1,0,1
2926,92,139,0,1,1,0,1
2927,92,139,1,0,0,0,0
2928,92,226957,0,0,0,1,0
2929,92,139,0,0,1,1,0
2930,92,140,1,1,1,1,1
2931,92,226712,1,0,0,0,1
2932,92,139,0,1,1,1,0
2933,92,113431,0,1,0,1,1
2934,92,227484,1,0,1,1,1
2935,92,112700,1,1,0,1,1
2936,92,139,0,1,1,0,1
2937,92,113798,1,0,0,1,0
2938,92,112305,0,0,1,1,1
2939,92,225702,0,1,1,0,0
2940,92,139,1,1,1,0,1
2941,92,112682,1,1,0,1,0
2942,92,111936,0,0,1,0,0
2943,92,114356,0,0,1,1,1
2944,92,139,1,1,1,1,1
2945,93,140,1,1,1,1,1
2946,93,139,1,0,0,0,0
2947,93,137,1,1,1,0,1
2948,93,139,0,0,0,1,1
2949,93,227866,1,1,0,0,1
2950,93,228893,0,1,1,0,0
2951,93,139,0,1,0,1,0
2952,93,114279,1,1,0,0,0
2953,93,227992,0,0,0,0,1
2954,93,229405,0,0,0,1,0
2955,93,139,1,1,1,0,1
2956,93,139,0,0,1,1,0
2957,93,114959,0,1,0,0,0
2958,93,137,1,1,1,1,0
2959,93,226789,1,0,1,0,0
2960,93,139,0,1,0,1,0
2961,93,114236,0,0,1,0,1
2962,93,227289,0,1,1,1,1
2963,93,114513,0,1,0,1,1
2964,93,136,1,1,1,1,1
2965,93,114678,1,1,0,1,0
2966,93,228966,1,0,0,1,1
2967,93,139,1,1,1,1,0
2968,93,140,0,0,1,1,0
2969,93,139,0,1,1,0,1
2970,93,139,1,1,1,0,1
2971,93,225552,0,1,1,1,1
2972,93,114092,1,0,1,0,1
2973,93,114850,0,0,1,0,0
2974,93,139,0,0,1,1,0
2975,93,228559,1,1,1,0,0
2976,93,223019,1,0,1,0,0
2977,94,230762,0,1,1,0,0
2978,94,117080,1,1,0,1,0
2979,94,114629,1,1,0,0,0
2980,94,114902,0,0,1,1,1
2981,94,231136,1,1,0,0,1
2982,94,228863,1,0,1,0,0
2983,94,115795,0,0,1,0,0
2984,94,115167,0,1,0,0,1
2985,94,139,1,0,0,0,0
2986,94,229927,0,0,0,0,1
2987,94,139,0,1,1,0,1
2988,94,139,1,1,1,1,1
2989,94,232617,1,0,0,0,1
2990,94,138,0,1,1,1,0
2991,94,139,0,0,1,1,0
2992,94,230898,1,0,0,0,1
2993,94,229421,0,0,0,0,1
2994,94,115480,1,1,0,0,0
2995,94,232755,1,1,1,0,0
2996,94,114604,0,0,1,0,0
2997,94,116181,1,0,0,1,0
2998,94,229926,1,1,0,0,1
2999,94,139,0,0,0,0,0
3000,94,232164,1,0,1,1,0
3001,94,115,0,1,1,1,0
3002,94,231777,0,0,0,1,0
3003,94,229818,0,1,1,1,1
3004,94,116499,1,0,1,0,1
3005,94,115822,1,0,0,1,0
3006,94,140,0,1,1,1,0
3007,94,140,1,1,1,1,0
3008,94,139,1,1,1,1,1
3009,95,137,0,1,1,0,1
3010,95,234655,0,0,0,0,1
3011,95,117914,0,1,0,0,0
3012,95,233666,0,0,0,1,0
3013,95,116871,0,1,0,0,1
3014,95,233083,1,0,0,0,1
3015,95,234118,1,0,1,1,1
3016,95,116271,0,1,0,0,1
3017,95,233378,1,0,1,1,1
3018,95,139,0,1,0,1,0
3019,95,233914,1,0,0,1,1
3020,95,232544,1,1,1,0,0
3021,95,117445,0,1,0,0,0
3022,95,116651,0,0,1,0,1
3023,95,140,0,0,0,0,0
3024,95,139,0,0,0,1,1
3025,95,235526,0,1,1,0,0
3026,95,138,0,0,0,0,0
3027,95,116663,1,0,0,1,0
3028,95,139,0,0,1,1,0
3029,95,233786,0,0,0,1,0
3030,95,232966,1,0,0,0,1
3031,95,232611,0,0,0,1,0
3032,95,233949,0,1,1,0,0
3033,95,139,1,0,0,0,0
3034,95,117060,0,0,1,0,1
3035,95,140,0,1,0,1,0
3036,95,115672,1,0,0,1,0
3037,95,117481,1,1,0,1,0
3038,95,234040,1,0,1,1,0
3039,95,140,0,1,1,0,1
3040,95,116887,0,1,0,1,1
3041,96,235752,1,0,0,1,1
3042,96,237097,1,0,1,1,0
3043,96,140,0,0,0,1,1
3044,96,236950,1,0,0,1,1
3045,96,118031,0,0,1,0,0
3046,96,235480,0,1,1,0,0
3047,96,137,1,1,1,0,1
3048,96,138,0,0,0,1,1
3049,96,139,0,1,0,1,0
3050,96,136,0,0,0,1,1
3051,96,139,0,1,1,1,0
3052,96,236796,1,0,1,1,0
3053,96,139,1,1,1,1,0
3054,96,139,1,1,1,1,1
3055,96,139,1,1,1,1,0
3056,96,139,0,0,0,1,1
3057,96,236474,1,1,1,0,0
3058,96,117295,1,1,0,1,0
3059,96,139,0,1,1,0,1
3060,96,118701,0,1,0,1,1
3061,96,235799,1,1,1,0,0
3062,96,236366,0,1,1,0,0
3063,96,118056,0,1,0,1,1
3064,96,118072,0,0,1,0,1
3065,96,234442,0,1,1,1,1
3066,96,235872,0,1,1,1,1
3067,96,235607,0,0,0,0,1
3068,96,139,1,1,1,0,1
3069,96,117248,0,0,1,1,1
3070,96,234923,1,0,0,1,1
3071,96,140,0,0,1,1,0
3072,96,236694,0,0,0,1,0
3073,97,139,0,1,1,0,1
3074,97,120472,0,0,1,1,1
3075,97,139,1,1,1,0,1
3076,97,118611,0,1,0,0,0
3077,97,239227,0,1,1,0,0
3078,97,240531,0,1,1,1,1
3079,97,119926,0,0,1,0,0
3080,97,119084,1,1,0,1,1
3081,97,110223,0,0,1,0,0
3082,97,117587,0,1,0,0,0
3083,97,119745,0,0,1,0,0
3084,97,138,0,0,0,0,0
3085,97,139,1,1,1,1,1
3086,97,128956,1,1,0,1,1
3087,97,133745,0,0,1,0,0
3088,97,136381,0,1,0,1,1
3089,97,166,1,0,0,0,0
3090,97,259513,1,1,0,0,1
3091,97,135747,0,1,0,0,0
3092,97,134029,0,0,1,1,1
3093,97,138197,1,0,1,0,1
3094,97,165,1,1,1,1,0
3095,97,164,1,1,1,0,1
3096,97,273756,1,0,0,0,1
3097,97,272561,1,1,0,0,1
3098,97,272117,1,0,1,1,1
3099,97,273327,1,0,1,1,1
3100,97,134738,0,0,1,0,1
3101,97,164,1,1,1,1,1
3102,97,134283,1,0,0,1,0
3103,97,163,0,0,0,0,0
3104,97,164,0,1,1,0,1
3105,98,272227,1,0,1,0,0
3106,98,164,0,0,1,1,0
3107,98,277374,1,1,1,0,0
3108,98,275989,1,0,0,0,1
3109,98,277693,0,0,0,0,1
3110,98,274516,1,1,0,0,1
3111,98,164,0,1,0,1,0
3112,98,138049,1,1,0,0,0
3113,98,281525,1,0,1,1,1
3114,98,274192,1,1,1,0,0
3115,98,273569,1,0,0,1,1
3116,98,165,1,1,1,1,1
3117,98,163,0,0,0,0,0
3118,98,276578,1,0,1,1,1
3119,98,164,1,1,1,1,0
3120,98,280024,1,0,0,0,1
3121,98,164,0,1,1,1,0
3122,98,276439,0,0,0,0,1
3123,98,277649,1,1,1,0,0
3124,98,138093,1,0,0,1,0
3125,98,164,0,1,0,1,0
3126,98,134482,0,1,0,0,1
3127,98,164,1,1,1,1,0
3128,98,273406,1,0,0,1,1
3129,98,158,0,0,0,1,1
3130,98,164,0,0,1,1,0
3131,98,264630,1,0,1,1,1
3132,98,138349,1,1,0,0,0
3133,98,138103,1,1,0,0,0
3134,98,276658,0,1,1,0,0
3135,98,164,0,0,0,1,1
3136,98,164,1,1,1,0,1
3137,99,167,0,0,0,0,0
3138,99,276417,1,0,1,0,0
3139,99,164,0,0,1,1,0
3140,99,140112,1,1,0,0,0
3141,99,275641,0,0,0,0,1
3142,99,275513,1,0,0,1,1
3143,99,136642,1,0,1,0,1
3144,99,138116,0,1,0,0,0
3145,99,274570,0,1,1,1,1
3146,99,275627,1,1,0,0,1
3147,99,136418,0,0,1,1,1
3148,99,164,1,1,1,1,0
3149,99,141916,0,1,0,1,1
3150,99,141072,1,1,0,1,0
3151,99,277058,1,0,1,1,1
3152,99,135155,1,1,0,1,1
3153,99,136095,0,0,1,1,1
3154,99,273805,0,0,0,0,1
3155,99,136563,1,0,1,0,1
3156,99,164,0,1,0,1,0
3157,99,277860,1,1,0,0,1
3158,99,276869,0,1,1,1,1
3159,99,141939,1,0,1,0,1
3160,99,136730,0,0,1,0,1
3161,99,275684,0,0,0,1,0
3162,99,138070,0,0,1,0,0
3163,99,139975,1,0,0,1,0
3164,99,137846,1,1,0,0,0
3165,99,277284,1,0,1,1,1
3166,99,274432,0,0,0,1,0
3167,99,164,1,1,1,0,1
3168,99,137454,0,0,1,0,1
3169,100,140395,0,0,1,1,1
3170,100,283263,1,0,1,1,0
3171,100,164,0,0,1,1,0
3172,100,140895,1,1,0,1,0
3173,100,280973,1,0,0,0,1
3174,100,140017,1,0,0,1,0
3175,100,164,0,0,1,1,0
3176,100,143343,0,1,0,0,1
3177,100,164,0,0,1,1,0
3178,100,141333,0,0,1,1,1
3179,100,138809,0,1,0,0,0
3180,100,139479,1,1,0,1,0
3181,100,138336,0,1,0,0,0
3182,100,164,0,0,1,1,0
3183,100,164,1,0,0,0,0
3184,100,285617,0,0,0,1,0
3185,100,279170,0,0,0,1,0
3186,100,164,1,1,1,1,1
3187,100,280627,1,0,1,1,0
3188,100,282920,0,0,0,1,0
3189,100,279922,0,0,0,0,1
3190,100,140907,1,1,0,0,0
3191,100,164,0,0,1,1,0
3192,100,164,0,0,1,1,0
3193,100,142266,0,0,1,1,1
3194,100,140340,1,0,0,1,0
3195,100,163,0,0,0,0,0
3196,100,164,0,1,0,1,0
3197,100,140021,0,1,0,0,1
3198,100,278616,1,0,1,0,0
3199,100,281344,1,0,1,0,0
3200,100,281988,1,0,0,1,1